cosine_similarity_to_prev,delta_l2_from_prev,file_size_bytes,filename,finite,identical_to_prev,keys_same_as_prev,loadable,max_abs_delta_from_prev,mean_abs_delta_from_prev,num_parameters,num_tensors,param_l2,param_max_abs,param_mean_abs,path,relative_delta_l2_from_prev,round,sha256
,,158181,model_round_1_run_1.pt,True,,,True,,,38786,6,27.78258514404297,1.1405401229858398,0.0941973626613617,result/splits_iid_scaling/splits_iid_32768_clients.json/all_rounds_run_1/model_round_1_run_1.pt,,1,991ada8c8b3f4cb3f8bd0f8c4c241e57ba5f5f3b8e9c5a8ddfb9c38f52fb575b
0.9999986290931702,0.05308825150132179,158181,model_round_2_run_1.pt,True,False,True,True,0.004900224506855011,0.00015641673235222697,38786,6,27.78315544128418,1.1419609785079956,0.09419865161180496,result/splits_iid_scaling/splits_iid_32768_clients.json/all_rounds_run_1/model_round_2_run_1.pt,0.001910846353068939,2,e60e5e58d1671354f30875449fe5e55444217c1692b938a85d729d5362692413
0.9999963045120239,0.08528909087181091,158181,model_round_3_run_1.pt,True,False,True,True,0.008674770593643188,0.0002396431373199448,38786,6,27.78396224975586,1.1426881551742554,0.09419993311166763,result/splits_iid_scaling/splits_iid_32768_clients.json/all_rounds_run_1/model_round_3_run_1.pt,0.003069812968223048,3,501e37a88f64accb5c0a98eb704bd851314d6e24e20852727a4f7659fd05fe7a
0.9999949932098389,0.09844695776700974,158181,model_round_4_run_1.pt,True,False,True,True,0.010445594787597656,0.0002749088453128934,38786,6,27.78386878967285,1.143885612487793,0.09419924020767212,result/splits_iid_scaling/splits_iid_32768_clients.json/all_rounds_run_1/model_round_4_run_1.pt,0.003543301595432984,4,aeaf0c3df9ee4c4acc4f9416e085c87a796ed208c38d82c34d0ca0ac3939e5d5
0.9999953508377075,0.09240512549877167,158181,model_round_5_run_1.pt,True,False,True,True,0.008237473666667938,0.0002736660826485604,38786,6,27.78284454345703,1.1447768211364746,0.09419412165880203,result/splits_iid_scaling/splits_iid_32768_clients.json/all_rounds_run_1/model_round_5_run_1.pt,0.0033258552362987787,5,4d741e5e77672d7c1c4a4a61fe26babc858494ab906fcd394c9077dcddfcb73a
0.9999924302101135,0.11142893135547638,158181,model_round_6_run_1.pt,True,False,True,True,0.013085722923278809,0.0003217617340851575,38786,6,27.779598236083984,1.1459364891052246,0.09418176859617233,result/splits_iid_scaling/splits_iid_32768_clients.json/all_rounds_run_1/model_round_6_run_1.pt,0.004010709961004275,6,7e0b89f7c73bec25a4ca9794dbdd2ae7a41b3144b6ba2ce3405fd14200787c6a
0.9999922513961792,0.11146196722984314,158181,model_round_7_run_1.pt,True,False,True,True,0.013996772468090057,0.0003221985243726522,38786,6,27.774700164794922,1.1465685367584229,0.09416475147008896,result/splits_iid_scaling/splits_iid_32768_clients.json/all_rounds_run_1/model_round_7_run_1.pt,0.00401236786373177,7,767b731b4ed8602f7aa0c8c86db9322180c7c88e2a84898ddd87e1dc4cb24765
0.9999945163726807,0.09317943453788757,158181,model_round_8_run_1.pt,True,False,True,True,0.008183769881725311,0.0002782814553938806,38786,6,27.768047332763672,1.1467607021331787,0.09414118528366089,result/splits_iid_scaling/splits_iid_32768_clients.json/all_rounds_run_1/model_round_8_run_1.pt,0.0033548313387733587,8,5a18db435ee22abd2da7a67c9ecca4577b25ac2c3b36316246196d65b4606eb1
0.9999923706054688,0.11029133945703506,158181,model_round_9_run_1.pt,True,False,True,True,0.009724676609039307,0.00031364656751975417,38786,6,27.75919532775879,1.146134614944458,0.09410994499921799,result/splits_iid_scaling/splits_iid_32768_clients.json/all_rounds_run_1/model_round_9_run_1.pt,0.003971879554054984,9,5fcecc60f6b6adc5e0d91b0ffbcf72f3c78adbed3c33d3be278f18b4aeb820eb
0.9999960660934448,0.08360286056995392,158193,model_round_10_run_1.pt,True,False,True,True,0.006693720817565918,0.0002555722021497786,38786,6,27.747400283813477,1.1449220180511475,0.09406843036413193,result/splits_iid_scaling/splits_iid_32768_clients.json/all_rounds_run_1/model_round_10_run_1.pt,0.003011717723905069,10,6cebbe6830bf25e295965a9b0af2d93c025a49225404b8c929efe322321e3a0f
0.9999942779541016,0.10043489187955856,158193,model_round_11_run_1.pt,True,False,True,True,0.010552257299423218,0.0002998265263158828,38786,6,27.732749938964844,1.1432658433914185,0.09401696175336838,result/splits_iid_scaling/splits_iid_32768_clients.json/all_rounds_run_1/model_round_11_run_1.pt,0.003619614481077982,11,45b7ad589d5c5efed1f219d779f2316eb427da0d4588f8ccdc0aa6f84ec4c9a8
0.9999964833259583,0.0793616771697998,158193,model_round_12_run_1.pt,True,False,True,True,0.0069424062967300415,0.000243983551627025,38786,6,27.715185165405273,1.1416112184524536,0.09395558387041092,result/splits_iid_scaling/splits_iid_32768_clients.json/all_rounds_run_1/model_round_12_run_1.pt,0.0028616591338565998,12,2ea2d44ee15e6aa551a9b5c0e4b2df57e4a5f202efbd08dbc67817dfab351087
0.999994695186615,0.09565472602844238,158193,model_round_13_run_1.pt,True,False,True,True,0.011618643999099731,0.0002750517742242664,38786,6,27.695167541503906,1.1402697563171387,0.09388523548841476,result/splits_iid_scaling/splits_iid_32768_clients.json/all_rounds_run_1/model_round_13_run_1.pt,0.003451347175116145,13,02931a2d2c5737238fcf30ad3b3e1dc4c86920c2b5b7c71d22dca7f5f0f97049
0.9999961853027344,0.08443720638751984,158193,model_round_14_run_1.pt,True,False,True,True,0.008455008268356323,0.00025174012989737093,38786,6,27.673118591308594,1.139372706413269,0.0938086062669754,result/splits_iid_scaling/splits_iid_32768_clients.json/all_rounds_run_1/model_round_14_run_1.pt,0.0030488064844158267,14,85bc88e8b46a223fbcd1f579016725257b118502659811a4d2ed976b575eb840
0.9999948143959045,0.09612791240215302,158193,model_round_15_run_1.pt,True,False,True,True,0.011053398251533508,0.00029015893233008683,38786,6,27.649505615234375,1.1391397714614868,0.09372664988040924,result/splits_iid_scaling/splits_iid_32768_clients.json/all_rounds_run_1/model_round_15_run_1.pt,0.0034736927854724796,15,6ba1ac5c00fa169aee31f6b8bde6d4604f151500b03b4b38c63c494acdad5d54
0.9999954700469971,0.08716551959514618,158193,model_round_16_run_1.pt,True,False,True,True,0.009334251284599304,0.0002657051372807473,38786,6,27.62504768371582,1.1388384103775024,0.09364129602909088,result/splits_iid_scaling/splits_iid_32768_clients.json/all_rounds_run_1/model_round_16_run_1.pt,0.0031525163888326295,16,dc50ef7bd9203378b365799b09804f29a631a3033c0f035434af16c4d36ab35c
0.9999955892562866,0.08932175487279892,158193,model_round_17_run_1.pt,True,False,True,True,0.009769484400749207,0.0002630181552376598,38786,6,27.599449157714844,1.137718677520752,0.09355174005031586,result/splits_iid_scaling/splits_iid_32768_clients.json/all_rounds_run_1/model_round_17_run_1.pt,0.0032333611110996036,17,b7f63f9a8de73201e0ce18762c5b63cdeb015ec28616e8c22ade3dba8384fe92
0.9999963045120239,0.0796593427658081,158193,model_round_18_run_1.pt,True,False,True,True,0.008194535970687866,0.00024183746427297592,38786,6,27.57276725769043,1.1366254091262817,0.0934591293334961,result/splits_iid_scaling/splits_iid_32768_clients.json/all_rounds_run_1/model_round_18_run_1.pt,0.0028862656754705925,18,c380fb598491dbe07c6abb6ff65cfea16c2a6ce0bec0b564a5fed5541aaf5c8f
0.9999955892562866,0.0822659581899643,158193,model_round_19_run_1.pt,True,False,True,True,0.008905678987503052,0.0002505878219380975,38786,6,27.545040130615234,1.135215163230896,0.09336444735527039,result/splits_iid_scaling/splits_iid_32768_clients.json/all_rounds_run_1/model_round_19_run_1.pt,0.002983594552593163,19,30575865499dfb8c06a0c340f6d3402c20c6381bff76e271ec1494618035a88a
0.9999968409538269,0.07387978583574295,158193,model_round_20_run_1.pt,True,False,True,True,0.007329754531383514,0.00023116533702705055,38786,6,27.516921997070312,1.1332279443740845,0.09326911717653275,result/splits_iid_scaling/splits_iid_32768_clients.json/all_rounds_run_1/model_round_20_run_1.pt,0.0026821447885141563,20,eadd9cd3dcf45b8123e5241f5b411b47cd370fa41836e938fb601dd4ee832f0f
0.9999971985816956,0.07423392683267593,158193,model_round_21_run_1.pt,True,False,True,True,0.0066436827182769775,0.0002330496208742261,38786,6,27.488679885864258,1.1313279867172241,0.09317243844270706,result/splits_iid_scaling/splits_iid_32768_clients.json/all_rounds_run_1/model_round_21_run_1.pt,0.0026977554699097344,21,96e7c3c1c46f15c49734b8270c85c0a265ff00f653515113f8076527e299cbea
0.9999984502792358,0.06931619346141815,158193,model_round_22_run_1.pt,True,False,True,True,0.005687892436981201,0.00022516684839501977,38786,6,27.460254669189453,1.129774808883667,0.09307538717985153,result/splits_iid_scaling/splits_iid_32768_clients.json/all_rounds_run_1/model_round_22_run_1.pt,0.0025216268569180442,22,f3c02892a92837e2f93932b422e7722a17d1ccdef37a6410cb36b616a74c10a5
0.9999979734420776,0.07188434153795242,158193,model_round_23_run_1.pt,True,False,True,True,0.0060552023351192474,0.00023478195362258703,38786,6,27.431259155273438,1.1281840801239014,0.09297703206539154,result/splits_iid_scaling/splits_iid_32768_clients.json/all_rounds_run_1/model_round_23_run_1.pt,0.002617759463775368,23,96e75722cbc545bc0822d18f39075bfc666fcb2fa05e50f2d2fe2e4b260e47a1
0.9999973773956299,0.07119110971689224,158193,model_round_24_run_1.pt,True,False,True,True,0.005906924605369568,0.0002357736084377393,38786,6,27.402124404907227,1.1263467073440552,0.09287825971841812,result/splits_iid_scaling/splits_iid_32768_clients.json/all_rounds_run_1/model_round_24_run_1.pt,0.002595254899307323,24,bf6325b569fa097eb6cc2dfefcbabb3a1c2a9686e2db673c57b9cd7e51e63c96
0.9999975562095642,0.07069701701402664,158193,model_round_25_run_1.pt,True,False,True,True,0.0064774006605148315,0.00023140243138186634,38786,6,27.372411727905273,1.1242722272872925,0.09277699887752533,result/splits_iid_scaling/splits_iid_32768_clients.json/all_rounds_run_1/model_round_25_run_1.pt,0.002579983068807836,25,bfb8cc7bdf629a84b83f0ce524cb937334bac4cfd0e152bb2a046495db3a0a88
0.9999980330467224,0.06778088957071304,158193,model_round_26_run_1.pt,True,False,True,True,0.006356269121170044,0.00022409393568523228,38786,6,27.34174346923828,1.122180700302124,0.09267272055149078,result/splits_iid_scaling/splits_iid_32768_clients.json/all_rounds_run_1/model_round_26_run_1.pt,0.002476248357086221,26,9af2f789d28b7543e30517e5c668678a611e1f87a2bf06b7e179989360541f9f
0.9999985098838806,0.06430520117282867,158193,model_round_27_run_1.pt,True,False,True,True,0.004145324230194092,0.00021795743668917567,38786,6,27.31027603149414,1.120125651359558,0.09256630390882492,result/splits_iid_scaling/splits_iid_32768_clients.json/all_rounds_run_1/model_round_27_run_1.pt,0.002351905658290494,27,31d8e297e5afe30b88d9189d109fa74524379a338f7c133be16d43f882d7e10f
0.9999987483024597,0.06280875951051712,158193,model_round_28_run_1.pt,True,False,True,True,0.004168596118688583,0.00021354992350097746,38786,6,27.278779983520508,1.1184203624725342,0.09245789051055908,result/splits_iid_scaling/splits_iid_32768_clients.json/all_rounds_run_1/model_round_28_run_1.pt,0.0022998214825103278,28,300198160c80c2c6b7b882d310936e2c8aa35dd99f0078468a10254ae9f402e3
0.9999998211860657,0.059261199086904526,158193,model_round_29_run_1.pt,True,False,True,True,0.005371987819671631,0.00019961546058766544,38786,6,27.24616241455078,1.1173198223114014,0.09234490245580673,result/splits_iid_scaling/splits_iid_32768_clients.json/all_rounds_run_1/model_round_29_run_1.pt,0.002172428500200707,29,2c3fc0f97d6c12a34c243dade3f388ac1ce4a495493cc30ba2c5201f42906b51
0.9999999403953552,0.059625640511512756,158193,model_round_30_run_1.pt,True,False,True,True,0.005837947130203247,0.00019919600163120776,38786,6,27.212308883666992,1.1171954870224,0.09222833812236786,result/splits_iid_scaling/splits_iid_32768_clients.json/all_rounds_run_1/model_round_30_run_1.pt,0.0021884050900199343,30,ea119348b1598547818077e12aa4095b0f65066967cd8a988ad0214f6dfa9cc8
0.9999994039535522,0.05904839560389519,158193,model_round_31_run_1.pt,True,False,True,True,0.004107765853404999,0.00019950055866502225,38786,6,27.17738914489746,1.117506980895996,0.09210941195487976,result/splits_iid_scaling/splits_iid_32768_clients.json/all_rounds_run_1/model_round_31_run_1.pt,0.002169914940195921,31,d605c61a771bf9667d04c1cf44f221dfc5c3252d6bd2f30ba34ac741ea8f3964
0.9999992847442627,0.061760205775499344,158193,model_round_32_run_1.pt,True,False,True,True,0.004240319132804871,0.00020611715444829315,38786,6,27.142196655273438,1.1185222864151,0.09198961406946182,result/splits_iid_scaling/splits_iid_32768_clients.json/all_rounds_run_1/model_round_32_run_1.pt,0.0022724848750636808,32,c5045ca93bdcf96fec44bc4912b25b8b3f3a4afc5171251d96f081965598efce
0.9999992251396179,0.05914638936519623,158193,model_round_33_run_1.pt,True,False,True,True,0.0045370906591415405,0.00019646022701635957,38786,6,27.10701560974121,1.1197329759597778,0.09186817705631256,result/splits_iid_scaling/splits_iid_32768_clients.json/all_rounds_run_1/model_round_33_run_1.pt,0.002179130529352521,33,39db181e3aa5baa98ea7aa3d332b0a5bd0e66acc478147c057770473d6282755
0.9999992251396179,0.059368882328271866,158193,model_round_34_run_1.pt,True,False,True,True,0.00502440333366394,0.00019657070515677333,38786,6,27.071365356445312,1.1209341287612915,0.09174516797065735,result/splits_iid_scaling/splits_iid_32768_clients.json/all_rounds_run_1/model_round_34_run_1.pt,0.002190166677992283,34,97e116f6db8a8a38d8a386b7d0b0bb4a0b555ec046c6d221a117362868c0ad0c
0.9999996423721313,0.057876501232385635,158193,model_round_35_run_1.pt,True,False,True,True,0.0034162402153015137,0.00019557971972972155,38786,6,27.035655975341797,1.1222518682479858,0.09162183851003647,result/splits_iid_scaling/splits_iid_32768_clients.json/all_rounds_run_1/model_round_35_run_1.pt,0.002137923243631524,35,70d2eccd71aba83cb7a2d455d300b290b2deb63c65d42b98e775740c7fef4bc4
0.9999996423721313,0.05790596082806587,158193,model_round_36_run_1.pt,True,False,True,True,0.003405332565307617,0.00019465938385110348,38786,6,26.999412536621094,1.1229920387268066,0.09149733930826187,result/splits_iid_scaling/splits_iid_32768_clients.json/all_rounds_run_1/model_round_36_run_1.pt,0.0021418367240979732,36,d2cad29b3b85540ad135a852fc13541e069ac86109ddfa99698da26291a5be94
0.9999996423721313,0.05677573010325432,158193,model_round_37_run_1.pt,True,False,True,True,0.004880666732788086,0.00018987014482263476,38786,6,26.96302604675293,1.1243574619293213,0.0913720652461052,result/splits_iid_scaling/splits_iid_32768_clients.json/all_rounds_run_1/model_round_37_run_1.pt,0.0021028505722576604,37,036f86a5d6244b9f6c249caba2ed1d809f7b757401feaadbbf9178be71581a80
0.9999998211860657,0.05479812994599342,158193,model_round_38_run_1.pt,True,False,True,True,0.0038150548934936523,0.0001854615256888792,38786,6,26.926761627197266,1.1257100105285645,0.09124704450368881,result/splits_iid_scaling/splits_iid_32768_clients.json/all_rounds_run_1/model_round_38_run_1.pt,0.0020323434710545992,38,5790092d0f19e98c434fc6236dc040569af91c2c15901c82ed01c919e9e37da0
0.9999997615814209,0.05543431639671326,158193,model_round_39_run_1.pt,True,False,True,True,0.004507303237915039,0.00018852471839636564,38786,6,26.890010833740234,1.1273595094680786,0.0911211371421814,result/splits_iid_scaling/splits_iid_32768_clients.json/all_rounds_run_1/model_round_39_run_1.pt,0.0020587071391727275,39,7abc271bb900e22c4737aa14f283cd1dc3457972e478a54f1dfff922f33c6572
0.9999995827674866,0.05447426438331604,158193,model_round_40_run_1.pt,True,False,True,True,0.004701435565948486,0.00018533767433837056,38786,6,26.85291862487793,1.1296170949935913,0.09099380671977997,result/splits_iid_scaling/splits_iid_32768_clients.json/all_rounds_run_1/model_round_40_run_1.pt,0.002025817866721142,40,ceb88e54ac69ba0fbe450363ee7c0da781a760e54d7ac9b3908466f723bdd40b
0.9999990463256836,0.05533162131905556,158193,model_round_41_run_1.pt,True,False,True,True,0.004210770130157471,0.0001873033179435879,38786,6,26.815244674682617,1.1310480833053589,0.09086448699235916,result/splits_iid_scaling/splits_iid_32768_clients.json/all_rounds_run_1/model_round_41_run_1.pt,0.0020605440359020596,41,715829e684cd1c11ba97cfd7ce828a42fb78485a20059e07ea4a4b05498111b3
0.999999463558197,0.055012401193380356,158193,model_round_42_run_1.pt,True,False,True,True,0.003192305564880371,0.00018629376427270472,38786,6,26.776588439941406,1.1328575611114502,0.0907328724861145,result/splits_iid_scaling/splits_iid_32768_clients.json/all_rounds_run_1/model_round_42_run_1.pt,0.0020515345603137397,42,e8e80c5c42f0228489d3288c5adff63bdaffbb0d027ff94b19687d0310e755ba
0.9999998211860657,0.05560768023133278,158193,model_round_43_run_1.pt,True,False,True,True,0.0032961368560791016,0.00018873302906285971,38786,6,26.737674713134766,1.134641408920288,0.09060069918632507,result/splits_iid_scaling/splits_iid_32768_clients.json/all_rounds_run_1/model_round_43_run_1.pt,0.002076727599412379,43,5fe3e5cab65d81fd872e7a0c38e67f536f4122d5a9ff7e41190d0fe0a8001b6b
0.9999995827674866,0.05434179678559303,158193,model_round_44_run_1.pt,True,False,True,True,0.0035567879676818848,0.00018460326828062534,38786,6,26.69864273071289,1.1355245113372803,0.09046726673841476,result/splits_iid_scaling/splits_iid_32768_clients.json/all_rounds_run_1/model_round_44_run_1.pt,0.0020324054865884754,44,fdf618b660c8f958e11c476eb09a8b3777cfa00da9db35852409934c27237649
0.9999992847442627,0.05465978384017944,158193,model_round_45_run_1.pt,True,False,True,True,0.003916442394256592,0.0001844811486080289,38786,6,26.65946388244629,1.1349369287490845,0.09033317863941193,result/splits_iid_scaling/splits_iid_32768_clients.json/all_rounds_run_1/model_round_45_run_1.pt,0.0020472869872632644,45,a7a4f6ef59c96f4b4a466d325bd6197c0f97e982c093723c284cb05592ee258b
