strategy,scaling_point,run,checkpoint_selection,selected_round,selected_checkpoint,threshold_regime,selected_threshold,minimum_validation_recall_requirement,validation_candidate_threshold_count,validation_eligible_threshold_count,validation_roc_auc,validation_average_precision,test_roc_auc,test_average_precision,validation_tp,validation_fp,validation_tn,validation_fn,validation_mcc,validation_recall,validation_specificity,validation_precision,validation_f1,validation_balanced_accuracy,test_tp,test_fp,test_tn,test_fn,test_mcc,test_recall,test_specificity,test_precision,test_f1,test_accuracy,test_balanced_accuracy,test_false_positive_rate,test_false_negative_rate,test_predicted_positive_rate,test_false_positives_per_1000_negatives,validation_n_samples,test_n_samples
FedProx,2,1,highest_validation_average_precision,68,result/splits_iid_scaling/splits_iid_2_clients.json/FedProx/bestPRROC/run_1/model_round_68_run_1.pt,mcc_optimal,0.7341485619544983,,24650,,0.8298866456451509,0.4302828686968737,0.8247298109905354,0.42292885730748164,2322,3911,17922,1213,0.38429862493971706,0.6568599717114568,0.8208674941602162,0.3725332905502968,0.47542997542997545,0.7388637329358365,4554,8037,35631,2515,0.3689160661388071,0.6442212477012307,0.8159521846661171,0.36168691922802,0.46327568667344865,0.7920255434889726,0.7300867161836739,0.18404781533388292,0.3557787522987693,0.24816209078187515,184.04781533388294,25368,50737
FedProx,2,1,highest_validation_average_precision,68,result/splits_iid_scaling/splits_iid_2_clients.json/FedProx/bestPRROC/run_1/model_round_68_run_1.pt,minimum_recall,0.6060835123062134,0.8,24650,15514,0.8298866456451509,0.4302828686968737,0.8247298109905354,0.42292885730748164,2828,6368,15465,707,0.36619889316955306,0.8,0.7083314249072505,0.3075250108742932,0.4442698923886576,0.7541657124536253,5598,13005,30663,1471,0.3550548533633302,0.7919083321544773,0.7021846661170651,0.30091920657958393,0.4361171704580866,0.71468553521099,0.7470464991357713,0.2978153338829349,0.2080916678455227,0.3666554979600686,297.8153338829349,25368,50737
FedProx,2,2,highest_validation_average_precision,59,result/splits_iid_scaling/splits_iid_2_clients.json/FedProx/bestPRROC/run_2/model_round_59_run_2.pt,mcc_optimal,0.7698737978935242,,24665,,0.8295447809400028,0.42352530120794835,0.8255180571783858,0.42356668704263806,2123,3223,18610,1412,0.3846173480223976,0.6005657708628006,0.8523794256400861,0.39711934156378603,0.4780993131404121,0.7264725982514433,4147,6687,36981,2922,0.3663243331883036,0.5866459188003961,0.8468672712283595,0.3827764445264907,0.46327431156789367,0.810611585233656,0.7167565950143777,0.15313272877164052,0.41335408119960393,0.21353253050042376,153.13272877164053,25368,50737
FedProx,2,2,highest_validation_average_precision,59,result/splits_iid_scaling/splits_iid_2_clients.json/FedProx/bestPRROC/run_2/model_round_59_run_2.pt,minimum_recall,0.6129001975059509,0.8,24665,15435,0.8295447809400028,0.42352530120794835,0.8255180571783858,0.42356668704263806,2828,6452,15381,707,0.3627219429212294,0.8,0.7044840379242431,0.30474137931034484,0.4413577838470542,0.7522420189621215,5627,13188,30480,1442,0.35415597190423037,0.7960107511670674,0.6979939543830723,0.2990698910443795,0.4347859681656622,0.7116502749472772,0.7470023527750699,0.3020060456169277,0.20398924883293257,0.37083390819323175,302.0060456169277,25368,50737
FedProx,2,3,highest_validation_average_precision,66,result/splits_iid_scaling/splits_iid_2_clients.json/FedProx/bestPRROC/run_3/model_round_66_run_3.pt,mcc_optimal,0.7468857169151306,,24660,,0.8285010084587707,0.42393680741456474,0.8246580316482319,0.4256531967004091,2116,3326,18507,1419,0.3764763970224335,0.5985855728429986,0.8476617963633033,0.3888276368981992,0.4714269800601537,0.723123684603151,4183,6839,36829,2886,0.36539889481023574,0.5917385768849908,0.8433864614820922,0.37951369987298134,0.46243988723674756,0.8083252852947553,0.7175625191835415,0.15661353851790782,0.40826142311500924,0.21723791316002128,156.6135385179078,25368,50737
FedProx,2,3,highest_validation_average_precision,66,result/splits_iid_scaling/splits_iid_2_clients.json/FedProx/bestPRROC/run_3/model_round_66_run_3.pt,minimum_recall,0.5895787477493286,0.8,24660,15395,0.8285010084587707,0.42393680741456474,0.8246580316482319,0.4256531967004091,2828,6490,15343,707,0.36115951021663056,0.8,0.7027435533366921,0.30349860485082636,0.44005290593635726,0.7513717766683461,5653,13318,30350,1416,0.35406353641275307,0.7996887820059414,0.6950169460474489,0.29798112909177166,0.43417818740399383,0.7096004887951594,0.7473528640266951,0.3049830539525511,0.2003112179940586,0.3739085874214084,304.9830539525511,25368,50737
FedProx,2,4,highest_validation_average_precision,48,result/splits_iid_scaling/splits_iid_2_clients.json/FedProx/bestPRROC/run_4/model_round_48_run_4.pt,mcc_optimal,0.7297245860099792,,24662,,0.8296723598984732,0.4248222835077936,0.8251763330853298,0.42374554467701697,2238,3674,18159,1297,0.3807522112727934,0.6330975954738332,0.8317226217194156,0.37855209742895807,0.473801206732296,0.7324101085966244,4441,7587,36081,2628,0.37007122719085406,0.6282359598245862,0.8262572135201979,0.36922181576321916,0.4650992302455883,0.7986676390011235,0.7272465866723921,0.17374278647980212,0.37176404017541376,0.23706565228531445,173.74278647980213,25368,50737
FedProx,2,4,highest_validation_average_precision,48,result/splits_iid_scaling/splits_iid_2_clients.json/FedProx/bestPRROC/run_4/model_round_48_run_4.pt,minimum_recall,0.5901288390159607,0.8,24662,15502,0.8296723598984732,0.4248222835077936,0.8251763330853298,0.42374554467701697,2828,6382,15451,707,0.365617162938391,0.8,0.7076901937434159,0.307057546145494,0.4437818752451942,0.753845096871708,5611,13015,30653,1458,0.35611927926674475,0.7937473475739143,0.7019556654758633,0.30124557070761304,0.4367386651099436,0.7147446636576857,0.7478515065248887,0.2980443345241367,0.2062526524260857,0.36710881605140233,298.0443345241367,25368,50737
FedProx,2,5,highest_validation_average_precision,70,result/splits_iid_scaling/splits_iid_2_clients.json/FedProx/bestPRROC/run_5/model_round_70_run_5.pt,mcc_optimal,0.7449365258216858,,24657,,0.8290626266727936,0.426752631141529,0.8256542897213874,0.4236173412919534,2149,3393,18440,1386,0.37925600908331125,0.6079207920792079,0.8445930472220949,0.3877661494045471,0.47350446182659467,0.7262569196506514,4244,6949,36719,2825,0.36848286650128603,0.6003678030838874,0.8408674544288725,0.3791655498972572,0.46479027488774505,0.8073595206653921,0.7206176287563799,0.15913254557112755,0.3996321969161126,0.2206082346216765,159.13254557112754,25368,50737
FedProx,2,5,highest_validation_average_precision,70,result/splits_iid_scaling/splits_iid_2_clients.json/FedProx/bestPRROC/run_5/model_round_70_run_5.pt,minimum_recall,0.5873941779136658,0.8,24657,15357,0.8290626266727936,0.426752631141529,0.8256542897213874,0.4236173412919534,2828,6529,15304,707,0.3595626342320235,0.8,0.700957266523153,0.3022336218873571,0.43872168786844556,0.7504786332615765,5664,13307,30361,1405,0.35535752501265944,0.8012448719762343,0.6952688467527709,0.29856096146750305,0.43502304147465437,0.7100340974042612,0.7482568593645026,0.3047311532472291,0.19875512802376571,0.3739085874214084,304.7311532472291,25368,50737
FedProx,4,1,highest_validation_average_precision,78,result/splits_iid_scaling/splits_iid_4_clients.json/FedProx/bestPRROC/run_1/model_round_78_run_1.pt,mcc_optimal,0.767267107963562,,24665,,0.8283738894660775,0.42028267755600573,0.8248404141860639,0.4231120219354891,2040,3099,18734,1495,0.3749376727978304,0.5770862800565771,0.8580589016626208,0.396964389959136,0.4703712243486281,0.7175725908595989,4078,6423,37245,2991,0.36736872467084114,0.576884990804923,0.8529128881560868,0.3883439672412151,0.46420034149117817,0.8144549342688767,0.7148989394805049,0.1470871118439132,0.42311500919507705,0.20696927291720046,147.08711184391322,25368,50737
FedProx,4,1,highest_validation_average_precision,78,result/splits_iid_scaling/splits_iid_4_clients.json/FedProx/bestPRROC/run_1/model_round_78_run_1.pt,minimum_recall,0.6072379350662231,0.8,24665,15507,0.8283738894660775,0.42028267755600573,0.8248404141860639,0.4231120219354891,2828,6384,15449,707,0.3655341322240502,0.8,0.7075985892914396,0.3069908814589666,0.44371224601867104,0.7537992946457198,5618,13073,30595,1451,0.3556172501725003,0.7947375866459188,0.7006274617568929,0.300572468032743,0.4361801242236025,0.7137394800638587,0.7476825242014058,0.29937253824310706,0.20526241335408124,0.36838993239647594,299.37253824310704,25368,50737
FedProx,4,2,highest_validation_average_precision,76,result/splits_iid_scaling/splits_iid_4_clients.json/FedProx/bestPRROC/run_2/model_round_76_run_2.pt,mcc_optimal,0.7535394430160522,,24658,,0.8271146262573991,0.4217177612910004,0.8244556257271313,0.41987810951116417,2061,3217,18616,1474,0.37170250566195806,0.583026874115983,0.8526542389960152,0.3904888215233043,0.46771814365142406,0.7178405565559991,4131,6683,36985,2938,0.36473463432756453,0.5843825152072429,0.8469588714848402,0.38200480858146846,0.4620030196275793,0.810375071446873,0.7156706933460415,0.15304112851515983,0.41561748479275706,0.21313834085578573,153.04112851515984,25368,50737
FedProx,4,2,highest_validation_average_precision,76,result/splits_iid_scaling/splits_iid_4_clients.json/FedProx/bestPRROC/run_2/model_round_76_run_2.pt,minimum_recall,0.5959692597389221,0.8,24658,15396,0.8271146262573991,0.4217177612910004,0.8244556257271313,0.41987810951116417,2828,6487,15346,707,0.36128262583187637,0.8,0.7028809600146567,0.3035963499731616,0.4401556420233463,0.7514404800073284,5639,13298,30370,1430,0.35310170232887345,0.7977083038619324,0.6954749473298525,0.29777683899244867,0.43366915327232175,0.7097187456885508,0.7465916255958924,0.3045250526701475,0.20229169613806763,0.37323846502552377,304.5250526701475,25368,50737
FedProx,4,3,highest_validation_average_precision,73,result/splits_iid_scaling/splits_iid_4_clients.json/FedProx/bestPRROC/run_3/model_round_73_run_3.pt,mcc_optimal,0.7154876589775085,,24663,,0.8284823442136402,0.4256906867421978,0.825183683523226,0.4220090649784571,2345,4092,17741,1190,0.3787724654868633,0.6633663366336634,0.812577291256355,0.3643001398166848,0.4703168872843963,0.7379718139450092,4679,8461,35207,2390,0.37005670614434116,0.6619040882727402,0.806242557479161,0.3560882800608828,0.4630610124202088,0.7861324083016339,0.7340733228759506,0.19375744252083904,0.33809591172725983,0.25898259652718925,193.75744252083905,25368,50737
FedProx,4,3,highest_validation_average_precision,73,result/splits_iid_scaling/splits_iid_4_clients.json/FedProx/bestPRROC/run_3/model_round_73_run_3.pt,minimum_recall,0.602170467376709,0.8,24663,15427,0.8284823442136402,0.4256906867421978,0.825183683523226,0.4220090649784571,2828,6458,15375,707,0.3624748132510882,0.8,0.704209224568314,0.3045444755545983,0.4411512362530224,0.752104612284157,5674,13214,30454,1395,0.35821203990187367,0.802659499221955,0.6973985527159476,0.30040237187632357,0.4371845744885773,0.7120641740741471,0.7500290259689513,0.30260144728405236,0.197340500778045,0.3722727003961606,302.60144728405237,25368,50737
FedProx,4,4,highest_validation_average_precision,76,result/splits_iid_scaling/splits_iid_4_clients.json/FedProx/bestPRROC/run_4/model_round_76_run_4.pt,mcc_optimal,0.7102178335189819,,24666,,0.8281822003480062,0.4167879083630771,0.8246688985693087,0.41850935674387135,2324,4055,17778,1211,0.3765198193681362,0.6574257425742575,0.8142719736179178,0.3643204263991221,0.46883195481137785,0.7358488580960876,4616,8319,35349,2453,0.3674674804534822,0.6529919366246993,0.8094943665842265,0.35686122922303826,0.4615076984603079,0.7876894573979542,0.7312431516044628,0.19050563341577353,0.34700806337530066,0.25494215266964937,190.50563341577353,25368,50737
FedProx,4,4,highest_validation_average_precision,76,result/splits_iid_scaling/splits_iid_4_clients.json/FedProx/bestPRROC/run_4/model_round_76_run_4.pt,minimum_recall,0.5944680571556091,0.8,24666,15459,0.8281822003480062,0.4167879083630771,0.8246688985693087,0.41850935674387135,2828,6424,15409,707,0.36387736007478205,0.8,0.7057665002519122,0.3056636402939905,0.4423242355517322,0.7528832501259561,5605,13109,30559,1464,0.35361470848088405,0.7928985712264818,0.6998030594485665,0.2995083894410602,0.43478260869565216,0.7127737154344955,0.7463508153375241,0.30019694055143353,0.20710142877351823,0.3688432504878097,300.19694055143356,25368,50737
FedProx,4,5,highest_validation_average_precision,74,result/splits_iid_scaling/splits_iid_4_clients.json/FedProx/bestPRROC/run_5/model_round_74_run_5.pt,mcc_optimal,0.7269212007522583,,24665,,0.8295779114327473,0.42433606542910335,0.8251802626054567,0.42304560473623515,2262,3800,18033,1273,0.3782967174902638,0.6398868458274399,0.8259515412449046,0.37314417683932694,0.47139731165989374,0.7329191935361723,4480,7817,35851,2589,0.36748158749744547,0.6337530060828972,0.8209901987725565,0.3643164999593397,0.46266652896829497,0.7949031278948302,0.7273716024277268,0.17900980122744348,0.3662469939171028,0.24236750300569604,179.0098012274435,25368,50737
FedProx,4,5,highest_validation_average_precision,74,result/splits_iid_scaling/splits_iid_4_clients.json/FedProx/bestPRROC/run_5/model_round_74_run_5.pt,minimum_recall,0.6008360981941223,0.8,24665,15452,0.8295779114327473,0.42433606542910335,0.8251802626054567,0.42304560473623515,2828,6432,15401,707,0.36354687936395097,0.8,0.7054000824440068,0.30539956803455726,0.4420476748729973,0.7527000412220034,5613,13084,30584,1456,0.35490491250512346,0.7940302730230584,0.700375561051571,0.30020858961330693,0.4356904447721804,0.7134241283481483,0.7472029170373147,0.29962443894842905,0.2059697269769416,0.36850818928986734,299.62443894842903,25368,50737
FedProx,8,1,highest_validation_average_precision,76,result/splits_iid_scaling/splits_iid_8_clients.json/FedProx/bestPRROC/run_1/model_round_76_run_1.pt,mcc_optimal,0.7226879596710205,,24662,,0.8265147207512136,0.41610791364416005,0.8234168070311989,0.41873267292283073,2218,3620,18213,1317,0.3798111916583888,0.6274398868458274,0.8341959419227775,0.37992463172319285,0.47327429851701697,0.7308179143843024,4334,7485,36183,2735,0.3618386982162018,0.6130994482953742,0.8285930200604562,0.366697690159912,0.4589157136806438,0.7985690915899639,0.7208462341779152,0.1714069799395438,0.3869005517046258,0.232946370498847,171.4069799395438,25368,50737
FedProx,8,1,highest_validation_average_precision,76,result/splits_iid_scaling/splits_iid_8_clients.json/FedProx/bestPRROC/run_1/model_round_76_run_1.pt,minimum_recall,0.5832352042198181,0.8,24662,15421,0.8265147207512136,0.41610791364416005,0.8234168070311989,0.41873267292283073,2828,6472,15361,707,0.36189880525303386,0.8,0.7035679934044795,0.30408602150537634,0.44067004285157774,0.7517839967022397,5635,13146,30522,1434,0.3557891821542352,0.797142452963644,0.6989557570761198,0.30003727171077155,0.43597678916827853,0.7126357490588722,0.7480491050198819,0.3010442429238802,0.20285754703635595,0.3701637857973471,301.04424292388023,25368,50737
FedProx,8,2,highest_validation_average_precision,80,result/splits_iid_scaling/splits_iid_8_clients.json/FedProx/bestPRROC/run_2/model_round_80_run_2.pt,mcc_optimal,0.6748619675636292,,24667,,0.8279372718108161,0.4201375940937478,0.8235525941421992,0.4172273997341264,2529,4895,16938,1006,0.37389076888722744,0.7154172560113154,0.7757981037878441,0.34065193965517243,0.46153846153846156,0.7456076798995798,5010,10042,33626,2059,0.36294750183470054,0.7087282501060971,0.7700375561051571,0.3328461334041988,0.4529632475927851,0.7614955555117567,0.7393829031056272,0.22996244389484288,0.2912717498939029,0.29666712655458544,229.9624438948429,25368,50737
FedProx,8,2,highest_validation_average_precision,80,result/splits_iid_scaling/splits_iid_8_clients.json/FedProx/bestPRROC/run_2/model_round_80_run_2.pt,minimum_recall,0.598623514175415,0.8,24667,15439,0.8279372718108161,0.4201375940937478,0.8235525941421992,0.4172273997341264,2828,6449,15384,707,0.3628455684461266,0.8,0.7046214446022077,0.30483992670044197,0.44146113019044647,0.7523107223011039,5621,13189,30479,1448,0.3535503564947841,0.795161974819635,0.6979710543189521,0.29883040935672517,0.4344062753583987,0.7115123085716538,0.7465665145692936,0.3020289456810479,0.20483802518036498,0.37073536078207225,302.0289456810479,25368,50737
FedProx,8,3,highest_validation_average_precision,80,result/splits_iid_scaling/splits_iid_8_clients.json/FedProx/bestPRROC/run_3/model_round_80_run_3.pt,mcc_optimal,0.7290055155754089,,24666,,0.8274156187922841,0.420759048181852,0.8230526445035512,0.417321563324435,2233,3676,18157,1302,0.3795856273386612,0.6316831683168317,0.8316310172674392,0.3778981215095617,0.4728928420160949,0.7316570927921354,4383,7581,36087,2686,0.364172342662638,0.6200311217994059,0.826394613904919,0.3663490471414243,0.46056848631324543,0.7976427459250646,0.7232128678521624,0.17360538609508103,0.3799688782005941,0.23580424542247275,173.60538609508103,25368,50737
FedProx,8,3,highest_validation_average_precision,80,result/splits_iid_scaling/splits_iid_8_clients.json/FedProx/bestPRROC/run_3/model_round_80_run_3.pt,minimum_recall,0.5953152179718018,0.8,24666,15461,0.8274156187922841,0.420759048181852,0.8230526445035512,0.417321563324435,2828,6421,15412,707,0.3640013651423907,0.8,0.7059039069298768,0.3057627851659639,0.44242803504380473,0.7529519534649385,5593,13097,30571,1476,0.35268776502148513,0.791201018531617,0.7000778602180087,0.299250936329588,0.43425598819829964,0.7127737154344955,0.7456394393748128,0.29992213978199134,0.20879898146838305,0.36837022291424404,299.92213978199135,25368,50737
FedProx,8,4,highest_validation_average_precision,80,result/splits_iid_scaling/splits_iid_8_clients.json/FedProx/bestPRROC/run_4/model_round_80_run_4.pt,mcc_optimal,0.7356060147285461,,24653,,0.8259077214066322,0.41202179790766946,0.8221590398795174,0.4112789681487118,2175,3613,18220,1360,0.3711871185563389,0.6152758132956153,0.8345165575046948,0.37577747062888733,0.46658800815188245,0.724896185400155,4320,7394,36274,2749,0.36305245857436486,0.6111189701513651,0.8306769258953925,0.36878948267030903,0.4599904168663153,0.8000867217218204,0.7208979480233788,0.16932307410460745,0.38888102984863493,0.23087687486449732,169.32307410460746,25368,50737
FedProx,8,4,highest_validation_average_precision,80,result/splits_iid_scaling/splits_iid_8_clients.json/FedProx/bestPRROC/run_4/model_round_80_run_4.pt,minimum_recall,0.5966853499412537,0.8,24653,15465,0.8259077214066322,0.41202179790766946,0.8221590398795174,0.4112789681487118,2828,6406,15427,707,0.36462200411975343,0.8,0.7065909403196995,0.30625947585011914,0.44294776411621894,0.7532954701598498,5609,13135,30533,1460,0.35347603274878936,0.7934644221247701,0.6992076577814418,0.29924242424242425,0.4345872234920389,0.7123401068253937,0.7463360399531059,0.3007923422185582,0.20653557787522991,0.36943453495476675,300.7923422185582,25368,50737
FedProx,8,5,highest_validation_average_precision,79,result/splits_iid_scaling/splits_iid_8_clients.json/FedProx/bestPRROC/run_5/model_round_79_run_5.pt,mcc_optimal,0.6974990963935852,,24658,,0.8255619048828347,0.4122605967776474,0.8225206529163656,0.41471490371770076,2413,4433,17400,1122,0.374139135283087,0.6826025459688826,0.7969587321943846,0.35246859479988313,0.46488777574414797,0.7397806390816336,4774,9102,34566,2295,0.3627229305535737,0.6753430471070873,0.7915636163781259,0.34404727587200923,0.45586058725232753,0.7753710310030155,0.7334533317426066,0.2084363836218741,0.32465695289291274,0.27348877544986894,208.4363836218741,25368,50737
FedProx,8,5,highest_validation_average_precision,79,result/splits_iid_scaling/splits_iid_8_clients.json/FedProx/bestPRROC/run_5/model_round_79_run_5.pt,minimum_recall,0.5893231630325317,0.8,24658,15252,0.8255619048828347,0.4122605967776474,0.8225206529163656,0.41471490371770076,2828,6639,15194,707,0.3550943610390322,0.8,0.6959190216644529,0.29872187599028205,0.4350099984617751,0.7479595108322264,5689,13604,30064,1380,0.3518504013779212,0.8047814400905361,0.6884675277090776,0.2948737884206707,0.4316060996889462,0.7046731182371839,0.7466244838998068,0.3115324722909224,0.1952185599094639,0.3802550407000808,311.5324722909224,25368,50737
FedProx,16,1,highest_validation_average_precision,80,result/splits_iid_scaling/splits_iid_16_clients.json/FedProx/bestPRROC/run_1/model_round_80_run_1.pt,mcc_optimal,0.743622362613678,,24663,,0.8226536125355833,0.40972682892397316,0.8194918076340709,0.4061200147892359,2146,3529,18304,1389,0.3701672009403636,0.6070721357850071,0.8383639444877021,0.3781497797356828,0.4660152008686211,0.7227180401363547,4250,7297,36371,2819,0.3585444718229573,0.6012165794313199,0.8328982321150499,0.36806096821685286,0.4565964761495488,0.8006188777420817,0.7170574057731849,0.16710176788495013,0.3987834205686801,0.22758539133176972,167.10176788495014,25368,50737
FedProx,16,1,highest_validation_average_precision,80,result/splits_iid_scaling/splits_iid_16_clients.json/FedProx/bestPRROC/run_1/model_round_80_run_1.pt,minimum_recall,0.5800405144691467,0.8,24663,15088,0.8226536125355833,0.40972682892397316,0.8194918076340709,0.4061200147892359,2828,6800,15033,707,0.3486466229969754,0.8,0.6885448632803555,0.2937266306605733,0.42968928055914307,0.7442724316401778,5706,13842,29826,1363,0.34880705813230295,0.8071863064082614,0.6830173124484749,0.2918968692449355,0.42874854416350455,0.7003173226639337,0.7451018094283681,0.31698268755152514,0.1928136935917386,0.38528095866921575,316.98268755152515,25368,50737
FedProx,16,2,highest_validation_average_precision,80,result/splits_iid_scaling/splits_iid_16_clients.json/FedProx/bestPRROC/run_2/model_round_80_run_2.pt,mcc_optimal,0.708765983581543,,24660,,0.8242248361954974,0.4071618440844702,0.8196339490350375,0.40569824337779886,2331,4114,17719,1204,0.37466519721691627,0.6594059405940594,0.811569642284615,0.36167571761055084,0.4671342685370741,0.7354877914393372,4595,8485,35183,2474,0.3607667037278394,0.6500212194086858,0.8056929559402767,0.35129969418960244,0.4561020398034642,0.7840037842205885,0.7278570876744812,0.19430704405972332,0.34997878059131415,0.25780002759327514,194.30704405972332,25368,50737
FedProx,16,2,highest_validation_average_precision,80,result/splits_iid_scaling/splits_iid_16_clients.json/FedProx/bestPRROC/run_2/model_round_80_run_2.pt,minimum_recall,0.5894282460212708,0.8,24660,15324,0.8242248361954974,0.4071618440844702,0.8196339490350375,0.40569824337779886,2828,6563,15270,707,0.3581759394241038,0.8,0.6993999908395548,0.3011393887764881,0.4375676930218165,0.7496999954197774,5610,13418,30250,1459,0.34786151179126695,0.7936058848493422,0.692726939635431,0.29482867353373976,0.4299344752270376,0.7067820328359974,0.7431664122423867,0.30727306036456903,0.20639411515065775,0.37503202790862683,307.273060364569,25368,50737
FedProx,16,3,highest_validation_average_precision,80,result/splits_iid_scaling/splits_iid_16_clients.json/FedProx/bestPRROC/run_3/model_round_80_run_3.pt,mcc_optimal,0.695783257484436,,24661,,0.8223106270687528,0.4057236480425696,0.8195998127462177,0.4030175272490826,2427,4572,17261,1108,0.3697007159951359,0.6865629420084866,0.7905922227820272,0.34676382340334333,0.4607936206569204,0.738577582395257,4815,9456,34212,2254,0.35782327961518307,0.6811430188145424,0.7834569936795823,0.3373975194450284,0.45126522961574506,0.7692019630644303,0.7323000062470624,0.21654300632041767,0.3188569811854576,0.28127402093147014,216.54300632041767,25368,50737
FedProx,16,3,highest_validation_average_precision,80,result/splits_iid_scaling/splits_iid_16_clients.json/FedProx/bestPRROC/run_3/model_round_80_run_3.pt,minimum_recall,0.59358149766922,0.8,24661,15239,0.8223106270687528,0.4057236480425696,0.8195998127462177,0.4030175272490826,2828,6657,15176,707,0.354368127906781,0.8,0.6950945815966656,0.2981549815498155,0.4344086021505376,0.7475472907983328,5659,13555,30113,1410,0.3499022801658626,0.8005375583533739,0.6895896308509664,0.294524825647965,0.43062055320929876,0.7050475983995901,0.7450635946021702,0.31041036914903364,0.19946244164662608,0.37869799160376055,310.4103691490336,25368,50737
FedProx,16,4,highest_validation_average_precision,79,result/splits_iid_scaling/splits_iid_16_clients.json/FedProx/bestPRROC/run_4/model_round_79_run_4.pt,mcc_optimal,0.671056866645813,,24662,,0.8242936172751745,0.41184642078021033,0.8190986158979664,0.4029235881069995,2405,4541,17292,1130,0.3668436338138054,0.6803394625176803,0.7920120917876609,0.34624244169306073,0.4589256750310085,0.7361757771526706,4835,9460,34208,2234,0.35974788209318026,0.6839722733059839,0.7833653934231016,0.3382301504022385,0.4526305935218124,0.7695173147801407,0.7336688333645427,0.21663460657689837,0.31602772669401613,0.2817470485050358,216.63460657689836,25368,50737
FedProx,16,4,highest_validation_average_precision,79,result/splits_iid_scaling/splits_iid_16_clients.json/FedProx/bestPRROC/run_4/model_round_79_run_4.pt,minimum_recall,0.573513388633728,0.8,24662,15390,0.8242936172751745,0.41184642078021033,0.8190986158979664,0.4029235881069995,2828,6497,15336,707,0.360872395954538,0.8,0.7024229377547749,0.3032707774798928,0.43981337480559873,0.7512114688773874,5620,13450,30218,1449,0.3481960654223199,0.795020512095063,0.6919941375835852,0.2947037231253277,0.43000879911243733,0.7063484242268956,0.743507324839324,0.3080058624164148,0.20497948790493703,0.37585982616236674,308.0058624164148,25368,50737
FedProx,16,5,highest_validation_average_precision,80,result/splits_iid_scaling/splits_iid_16_clients.json/FedProx/bestPRROC/run_5/model_round_80_run_5.pt,mcc_optimal,0.6766676902770996,,24655,,0.8238048874408677,0.4093490451957324,0.8191445618039527,0.4066352038908285,2481,4791,17042,1054,0.36943730571737127,0.7018387553041019,0.7805615352906151,0.3411716171617162,0.45914684926436566,0.7412001452973584,4918,9855,33813,2151,0.35827883554505624,0.6957136794454661,0.7743198680956307,0.3329046232992622,0.4503250618075268,0.7633679563237874,0.7350167737705484,0.2256801319043693,0.30428632055453386,0.2911681810118848,225.68013190436932,25368,50737
FedProx,16,5,highest_validation_average_precision,80,result/splits_iid_scaling/splits_iid_16_clients.json/FedProx/bestPRROC/run_5/model_round_80_run_5.pt,minimum_recall,0.5821202397346497,0.8,24655,15216,0.8238048874408677,0.4093490451957324,0.8191445618039527,0.4066352038908285,2828,6672,15161,707,0.3537639793667138,0.8,0.6944075482068428,0.2976842105263158,0.43390870732642883,0.7472037741034214,5647,13641,30027,1422,0.3470251610162029,0.798840005658509,0.6876202253366309,0.29277270841974284,0.4285009674849186,0.7031160691408637,0.74323011549757,0.3123797746633691,0.201159994341491,0.3801564932889213,312.37977466336906,25368,50737
FedProx,32,1,highest_validation_average_precision,80,result/splits_iid_scaling/splits_iid_32_clients.json/FedProx/bestPRROC/run_1/model_round_80_run_1.pt,mcc_optimal,0.69876629114151,,24661,,0.8192526255785931,0.4027263479305578,0.8148620489641403,0.3944154739754708,2364,4347,17486,1171,0.3687236023898366,0.6687411598302687,0.8008977236293684,0.35225748770675014,0.4614483700956471,0.7348194417298186,4659,9040,34628,2410,0.3526036865024459,0.6590748337812986,0.7929834203535769,0.3400978173589313,0.448671032357473,0.7743264284447248,0.7260291270674377,0.20701657964642306,0.3409251662187014,0.2700001970948223,207.01657964642305,25368,50737
FedProx,32,1,highest_validation_average_precision,80,result/splits_iid_scaling/splits_iid_32_clients.json/FedProx/bestPRROC/run_1/model_round_80_run_1.pt,minimum_recall,0.5684102177619934,0.8,24661,14982,0.8192526255785931,0.4027263479305578,0.8148620489641403,0.3944154739754708,2828,6901,14932,707,0.34465561162775443,0.8,0.6839188384555489,0.29067735635728237,0.4264173703256936,0.7419594192277745,5689,14165,29503,1380,0.3408644643482844,0.8047814400905361,0.6756205917376569,0.28654175481011385,0.42261263603610294,0.693616098705087,0.7402010159140965,0.3243794082623431,0.1952185599094639,0.3913120602321777,324.37940826234313,25368,50737
FedProx,32,2,highest_validation_average_precision,80,result/splits_iid_scaling/splits_iid_32_clients.json/FedProx/bestPRROC/run_2/model_round_80_run_2.pt,mcc_optimal,0.6930774450302124,,24662,,0.8185999406190659,0.3924092338297382,0.8126381900141778,0.38569641433947344,2345,4398,17435,1190,0.3621188411609288,0.6633663366336634,0.7985618101039711,0.34776805576153047,0.45631445806577153,0.7309640733688172,4645,9209,34459,2424,0.3468142688760486,0.6570943556372896,0.7891133095172667,0.3352822289591454,0.44400898532715194,0.7707195931962867,0.7231038325772781,0.21088669048273334,0.3429056443627104,0.2730551668407671,210.88669048273334,25368,50737
FedProx,32,2,highest_validation_average_precision,80,result/splits_iid_scaling/splits_iid_32_clients.json/FedProx/bestPRROC/run_2/model_round_80_run_2.pt,minimum_recall,0.5714647173881531,0.8,24662,15071,0.8185999406190659,0.3924092338297382,0.8126381900141778,0.38569641433947344,2828,6822,15011,707,0.34777382269297935,0.8,0.6875372143086154,0.2930569948186528,0.4289723170269245,0.7437686071543077,5643,13907,29761,1426,0.34139989741934174,0.7982741547602207,0.6815288082806632,0.2886445012787724,0.42398286937901497,0.6977945089382502,0.7399014815204419,0.3184711917193368,0.20172584523977932,0.38532037763367954,318.4711917193368,25368,50737
FedProx,32,3,highest_validation_average_precision,24,result/splits_iid_scaling/splits_iid_32_clients.json/FedProx/bestPRROC/run_3/model_round_24_run_3.pt,mcc_optimal,0.35548192262649536,,24661,,0.8076698904653047,0.3956276404814719,0.8056273429966226,0.3934363567731626,2396,4850,16983,1139,0.3493277883768539,0.6777934936350778,0.7778592039573123,0.33066519459011867,0.4444856692329098,0.7278263487961951,4815,9930,33738,2254,0.3460568746810577,0.6811430188145424,0.7726023632866172,0.32655137334689727,0.4414596130925094,0.7598596684865089,0.7268726910505798,0.22739763671338276,0.3188569811854576,0.29061631550939154,227.39763671338275,25368,50737
FedProx,32,3,highest_validation_average_precision,24,result/splits_iid_scaling/splits_iid_32_clients.json/FedProx/bestPRROC/run_3/model_round_24_run_3.pt,minimum_recall,0.22316406667232513,0.8,24661,14686,0.8076698904653047,0.3956276404814719,0.8056273429966226,0.3934363567731626,2828,7200,14633,707,0.33307063151692884,0.8,0.6702239728850822,0.2820103709613083,0.41701688417016886,0.735111986442541,5653,14764,28904,1416,0.3259556951539189,0.7996887820059414,0.6619034533296694,0.2768771122104129,0.41133668049188676,0.6811005774878294,0.7307961176678054,0.3380965466703306,0.2003112179940586,0.4024084987287384,338.0965466703306,25368,50737
FedProx,32,4,highest_validation_average_precision,80,result/splits_iid_scaling/splits_iid_32_clients.json/FedProx/bestPRROC/run_4/model_round_80_run_4.pt,mcc_optimal,0.729727029800415,,24671,,0.8169191608850803,0.39640914143256606,0.8141657399413387,0.38952198359992046,2184,3798,18035,1351,0.3621053474437693,0.6178217821782178,0.8260431456968809,0.3650952858575727,0.45896816223599873,0.7219324639375493,4320,7795,35873,2749,0.35138327696163496,0.6111189701513651,0.8214940001832005,0.35658274865868755,0.45037531276063386,0.7921832193468278,0.7163064851672828,0.1785059998167995,0.38888102984863493,0.23878037723948992,178.5059998167995,25368,50737
FedProx,32,4,highest_validation_average_precision,80,result/splits_iid_scaling/splits_iid_32_clients.json/FedProx/bestPRROC/run_4/model_round_80_run_4.pt,minimum_recall,0.5768868923187256,0.8,24671,15064,0.8169191608850803,0.39640914143256606,0.8141657399413387,0.38952198359992046,2828,6825,15008,707,0.34765495540990976,0.8,0.6873998076306509,0.29296591733139954,0.4288747346072187,0.7436999038153255,5655,14044,29624,1414,0.33989866269724456,0.7999717074550856,0.6783914994961986,0.28707040966546526,0.422519426180514,0.6953308236592625,0.7391816034756421,0.3216085005038014,0.2000282925449144,0.3882570904862329,321.6085005038014,25368,50737
FedProx,32,5,highest_validation_average_precision,80,result/splits_iid_scaling/splits_iid_32_clients.json/FedProx/bestPRROC/run_5/model_round_80_run_5.pt,mcc_optimal,0.6858153343200684,,24656,,0.8156826756999628,0.38632224510136437,0.8106416390638125,0.3839291322393086,2400,4605,17228,1135,0.36251564215321375,0.6789250353606789,0.7890807493244172,0.3426124197002141,0.45540796963946867,0.7340028923425481,4722,9526,34142,2347,0.3466264658098214,0.6679869854293393,0.7818539891911698,0.331414935429534,0.4430266923113008,0.7659893174606303,0.7249204873102546,0.21814601080883023,0.3320130145706607,0.2808207028401364,218.14601080883023,25368,50737
FedProx,32,5,highest_validation_average_precision,80,result/splits_iid_scaling/splits_iid_32_clients.json/FedProx/bestPRROC/run_5/model_round_80_run_5.pt,minimum_recall,0.5680357217788696,0.8,24656,14942,0.8156826756999628,0.38632224510136437,0.8106416390638125,0.3839291322393086,2828,6934,14899,707,0.34336035012359944,0.8,0.6824073649979389,0.28969473468551526,0.42535910355719336,0.7412036824989694,5649,14121,29547,1420,0.3378217166514567,0.7991229311076531,0.6766281945589447,0.28573596358118364,0.42095458102015726,0.6936949366340146,0.7378755628332989,0.32337180544105526,0.2008770688923469,0.389656463724698,323.37180544105524,25368,50737
FedProx,64,1,highest_validation_average_precision,80,result/splits_iid_scaling/splits_iid_64_clients.json/FedProx/bestPRROC/run_1/model_round_80_run_1.pt,mcc_optimal,0.7435513734817505,,24662,,0.8180394302099433,0.3999735499856555,0.813327679877979,0.3939595696884104,2085,3385,18448,1450,0.3661155648357922,0.5898161244695899,0.8449594650300004,0.3811700182815356,0.4630760688506385,0.7173877947497951,4058,7024,36644,3011,0.34631306866835193,0.5740557363134814,0.8391499496198589,0.3661793900018047,0.4471378987383615,0.8022153458028658,0.7066028429666702,0.1608500503801411,0.4259442636865186,0.2184204820939354,160.8500503801411,25368,50737
FedProx,64,1,highest_validation_average_precision,80,result/splits_iid_scaling/splits_iid_64_clients.json/FedProx/bestPRROC/run_1/model_round_80_run_1.pt,minimum_recall,0.5593429207801819,0.8,24662,14875,0.8180394302099433,0.3999735499856555,0.813327679877979,0.3939595696884104,2828,7021,14812,707,0.33996573121554324,0.8,0.6784225713369669,0.287135749822317,0.4225941422594142,0.7392112856684835,5699,14328,29340,1370,0.3387013653010359,0.8061960673362569,0.6718878812860676,0.2845658361212363,0.42065249483318573,0.690600547923606,0.7390419743111623,0.3281121187139324,0.19380393266374307,0.3947218006582967,328.11211871393243,25368,50737
FedProx,64,2,highest_validation_average_precision,80,result/splits_iid_scaling/splits_iid_64_clients.json/FedProx/bestPRROC/run_2/model_round_80_run_2.pt,mcc_optimal,0.7203483581542969,,24655,,0.8155746290910474,0.38901825831446085,0.8125394353098813,0.3890866325511925,2192,3946,17887,1343,0.35526976864001425,0.6200848656294201,0.8192644162506297,0.3571195829260345,0.4532203039387987,0.719674640940025,4360,8072,35596,2709,0.34775543673981324,0.6167774791342481,0.8151506824219108,0.3507078507078507,0.4471565560740475,0.787512072057867,0.7159640807780794,0.1848493175780892,0.3832225208657519,0.24502828310700278,184.8493175780892,25368,50737
FedProx,64,2,highest_validation_average_precision,80,result/splits_iid_scaling/splits_iid_64_clients.json/FedProx/bestPRROC/run_2/model_round_80_run_2.pt,minimum_recall,0.5728824734687805,0.8,24655,15078,0.8155746290910474,0.38901825831446085,0.8125394353098813,0.3890866325511925,2828,6806,15027,707,0.3484083929755304,0.8,0.6882700499244263,0.29354369939796554,0.4294935074796871,0.7441350249622132,5597,13974,29694,1472,0.3356108394785101,0.7917668694299053,0.6799945039846111,0.2859843646211231,0.4201951951951952,0.6955673374460453,0.7358806867072583,0.32000549601538886,0.20823313057009474,0.3857342767605495,320.00549601538887,25368,50737
FedProx,64,3,highest_validation_average_precision,80,result/splits_iid_scaling/splits_iid_64_clients.json/FedProx/bestPRROC/run_3/model_round_80_run_3.pt,mcc_optimal,0.6758575439453125,,24653,,0.8155643543625584,0.39354360521716775,0.81291404038339,0.38981566872956785,2496,5018,16815,1039,0.3612266824927285,0.7060820367751061,0.7701644299912975,0.33217993079584773,0.45180559326635894,0.7381232333832017,4952,10315,33353,2117,0.3505585235091418,0.7005234120809167,0.7637858386003481,0.32435973013689656,0.44340974212034384,0.7549717168929972,0.7321546253406324,0.2362141613996519,0.29947658791908327,0.3009046652344443,236.2141613996519,25368,50737
FedProx,64,3,highest_validation_average_precision,80,result/splits_iid_scaling/splits_iid_64_clients.json/FedProx/bestPRROC/run_3/model_round_80_run_3.pt,minimum_recall,0.5633161067962646,0.8,24653,14766,0.8155643543625584,0.39354360521716775,0.81291404038339,0.38981566872956785,2828,7119,14714,707,0.3361761599762075,0.8,0.6739339531901251,0.28430682617874736,0.4195223260643821,0.7369669765950626,5721,14594,29074,1348,0.3357744795026772,0.8093082472768426,0.6657964642300999,0.28161457051439825,0.41783523225241015,0.685791434259022,0.7375523557534712,0.33420353576990014,0.19069175272315741,0.4003981315410844,334.20353576990016,25368,50737
FedProx,64,4,highest_validation_average_precision,80,result/splits_iid_scaling/splits_iid_64_clients.json/FedProx/bestPRROC/run_4/model_round_80_run_4.pt,mcc_optimal,0.6695119738578796,,24656,,0.8185236381271721,0.3974783006401869,0.8115444957154494,0.38283878675961713,2500,4997,16836,1035,0.36305280905460996,0.7072135785007072,0.7711262767370494,0.33346672002134187,0.45322697606961565,0.7391699276188783,4985,10374,33294,2084,0.35246140628331424,0.7051916819917952,0.7624347348172575,0.32456540139331985,0.44453361869092206,0.7544592703549677,0.7338132084045264,0.23756526518274246,0.29480831800820484,0.3027179375997793,237.56526518274245,25368,50737
FedProx,64,4,highest_validation_average_precision,80,result/splits_iid_scaling/splits_iid_64_clients.json/FedProx/bestPRROC/run_4/model_round_80_run_4.pt,minimum_recall,0.5820150971412659,0.8,24656,15200,0.8185236381271721,0.3974783006401869,0.8115444957154494,0.38283878675961713,2828,6686,15147,707,0.35320096102934184,0.8,0.6937663170430083,0.2972461635484549,0.4334431757222776,0.7468831585215041,5619,13900,29768,1450,0.3391988280440077,0.7948790493704909,0.6816891087295044,0.287873354167734,0.4226718820520536,0.6974594477403079,0.7382840790499976,0.3183108912704956,0.20512095062950908,0.3847093836844906,318.31089127049563,25368,50737
FedProx,64,5,highest_validation_average_precision,80,result/splits_iid_scaling/splits_iid_64_clients.json/FedProx/bestPRROC/run_5/model_round_80_run_5.pt,mcc_optimal,0.6828206777572632,,24662,,0.8184720960465551,0.3997065380556939,0.8143853735524934,0.3922716183277481,2410,4702,17131,1125,0.3595867301564614,0.6817538896746818,0.7846379334035634,0.3388638920134983,0.45270968347891427,0.7331959115391226,4794,9505,34163,2275,0.3544597771883823,0.6781723015985288,0.7823348905376935,0.3352682005734667,0.4487083489329839,0.7678222993081971,0.7302535960681111,0.21766510946230655,0.3218276984014712,0.2818258864339634,217.66510946230656,25368,50737
FedProx,64,5,highest_validation_average_precision,80,result/splits_iid_scaling/splits_iid_64_clients.json/FedProx/bestPRROC/run_5/model_round_80_run_5.pt,minimum_recall,0.567310094833374,0.8,24662,15041,0.8184720960465551,0.3997065380556939,0.8143853735524934,0.3922716183277481,2828,6846,14987,707,0.34682389404065755,0.8,0.6864379608848991,0.29232995658465993,0.4281928987811341,0.7432189804424496,5644,14032,29636,1425,0.33906071557339934,0.7984156174847927,0.6786663002656408,0.28684692010571256,0.4220601981678819,0.6953505331414944,0.7385409588752168,0.3213336997343592,0.20158438251520727,0.38780377239489916,321.3336997343592,25368,50737
FedProx,128,1,highest_validation_average_precision,80,result/splits_iid_scaling/splits_iid_128_clients.json/FedProx/bestPRROC/run_1/model_round_80_run_1.pt,mcc_optimal,0.6847289204597473,,24661,,0.8187381117471956,0.3943747682571373,0.8135827812146987,0.38766261045925776,2366,4542,17291,1169,0.35885387939129676,0.6693069306930693,0.7919662895616727,0.342501447596989,0.453126496217562,0.730636610127371,4688,9277,34391,2381,0.34946303675019685,0.6631772527938888,0.7875561051570944,0.3356963838166846,0.44575449272606255,0.7702268561404891,0.7253666789754916,0.2124438948429056,0.33682274720611116,0.2752429193685082,212.4438948429056,25368,50737
FedProx,128,1,highest_validation_average_precision,80,result/splits_iid_scaling/splits_iid_128_clients.json/FedProx/bestPRROC/run_1/model_round_80_run_1.pt,minimum_recall,0.5693167448043823,0.8,24661,15057,0.8187381117471956,0.3943747682571373,0.8135827812146987,0.38766261045925776,2828,6823,15010,707,0.347734196249572,0.8,0.6874914120826272,0.29302662936483265,0.42893978462005156,0.7437457060413136,5678,13919,29749,1391,0.3445734560617425,0.8032253501202433,0.681254007511221,0.2897382252385569,0.4258606465161629,0.6982478270295839,0.7422396788157322,0.318745992488779,0.19677464987975668,0.38624672329857895,318.745992488779,25368,50737
FedProx,128,2,highest_validation_average_precision,80,result/splits_iid_scaling/splits_iid_128_clients.json/FedProx/bestPRROC/run_2/model_round_80_run_2.pt,mcc_optimal,0.6354466676712036,,24651,,0.8171437084034647,0.3917727833960872,0.8134260345033508,0.38978504389690793,2639,5628,16205,896,0.3611287847770118,0.7465346534653465,0.742225072138506,0.31922099915325997,0.4472123368920522,0.7443798628019263,5230,11603,32065,1839,0.34870771837769643,0.7398500495119535,0.7342905560135569,0.3106992217667677,0.4376202828215212,0.7350651398387764,0.7370703027627552,0.26570944398644314,0.26014995048804646,0.33176971440960246,265.70944398644315,25368,50737
FedProx,128,2,highest_validation_average_precision,80,result/splits_iid_scaling/splits_iid_128_clients.json/FedProx/bestPRROC/run_2/model_round_80_run_2.pt,minimum_recall,0.586703360080719,0.8,24651,15261,0.8171437084034647,0.3917727833960872,0.8134260345033508,0.38978504389690793,2828,6624,15209,707,0.35570060616187066,0.8,0.6966060550542756,0.29919593736775285,0.4355124355124355,0.7483030275271378,5582,13561,30107,1487,0.34227638039564184,0.7896449285613241,0.6894522304662453,0.2915948388444862,0.4259117961239127,0.7034117113743422,0.7395485795137846,0.31054776953375474,0.21035507143867593,0.37729861836529555,310.5477695337547,25368,50737
FedProx,128,3,highest_validation_average_precision,80,result/splits_iid_scaling/splits_iid_128_clients.json/FedProx/bestPRROC/run_3/model_round_80_run_3.pt,mcc_optimal,0.7089589834213257,,24650,,0.8173241704695364,0.39797704711984305,0.8141732993273375,0.3931392879314652,2239,3981,17852,1296,0.3630875227401061,0.6333804809052334,0.8176613383410434,0.359967845659164,0.45904664274730905,0.7255209096231383,4472,8220,35448,2597,0.35530722153955846,0.6326213042863206,0.8117614729321242,0.3523479357075323,0.4526086736501189,0.7868025306975186,0.7221913886092224,0.1882385270678758,0.3673786957136794,0.25015274848729724,188.2385270678758,25368,50737
FedProx,128,3,highest_validation_average_precision,80,result/splits_iid_scaling/splits_iid_128_clients.json/FedProx/bestPRROC/run_3/model_round_80_run_3.pt,minimum_recall,0.563787043094635,0.8,24650,15079,0.8173241704695364,0.39797704711984305,0.8141732993273375,0.3931392879314652,2828,6804,15029,707,0.3484877868220626,0.8,0.6883616543764027,0.2936046511627907,0.42955874534821903,0.7441808271882013,5658,13942,29726,1411,0.34217691303141506,0.8003960956288018,0.6807273060364569,0.2886734693877551,0.4243128726236454,0.6974003192936121,0.7405617008326293,0.3192726939635431,0.19960390437119824,0.38630585174527465,319.2726939635431,25368,50737
FedProx,128,4,highest_validation_average_precision,80,result/splits_iid_scaling/splits_iid_128_clients.json/FedProx/bestPRROC/run_4/model_round_80_run_4.pt,mcc_optimal,0.6491464376449585,,24661,,0.8203965669450064,0.3970801341496986,0.8153283563385517,0.3948631577478567,2592,5290,16543,943,0.3673846763630928,0.7332390381895333,0.7577062245225118,0.32885054554681553,0.4540597354821757,0.7454726313560225,5071,10765,32903,1998,0.3518768778158941,0.7173574763049936,0.7534808097462673,0.3202197524627431,0.4427854180309976,0.7484478782742378,0.7354191430256305,0.2465191902537327,0.2826425236950064,0.3121193606243964,246.5191902537327,25368,50737
FedProx,128,4,highest_validation_average_precision,80,result/splits_iid_scaling/splits_iid_128_clients.json/FedProx/bestPRROC/run_4/model_round_80_run_4.pt,minimum_recall,0.5815140604972839,0.8,24661,15318,0.8203965669450064,0.3970801341496986,0.8153283563385517,0.3948631577478567,2828,6572,15261,707,0.357809716393201,0.8,0.6989877708056611,0.3008510638297872,0.43726323927328953,0.7494938854028306,5590,13406,30262,1479,0.3461510921872927,0.7907766303579007,0.6930017404048732,0.2942724784165087,0.428927680798005,0.7066243569781422,0.7418891853813869,0.30699825959512683,0.2092233696420993,0.374401324477206,306.99825959512685,25368,50737
FedProx,128,5,highest_validation_average_precision,80,result/splits_iid_scaling/splits_iid_128_clients.json/FedProx/bestPRROC/run_5/model_round_80_run_5.pt,mcc_optimal,0.7024050354957581,,24656,,0.8197283208897473,0.40356969800591375,0.8142534009591762,0.39026052881396317,2349,4271,17562,1186,0.369745997750781,0.6644978783592645,0.8043786928044703,0.35483383685800607,0.462629246676514,0.7344382855818674,4619,8946,34722,2450,0.3509586217009833,0.6534163247984156,0.7951360263808739,0.34050866199778845,0.44770766695744885,0.7753907404852475,0.7242761755896447,0.20486397361912612,0.3465836752015844,0.2673591264757475,204.8639736191261,25368,50737
FedProx,128,5,highest_validation_average_precision,80,result/splits_iid_scaling/splits_iid_128_clients.json/FedProx/bestPRROC/run_5/model_round_80_run_5.pt,minimum_recall,0.5812910199165344,0.8,24656,15131,0.8197283208897473,0.40356969800591375,0.8142534009591762,0.39026052881396317,2828,6754,15079,707,0.3504779097182372,0.8,0.6906517656758119,0.29513671467334585,0.43119615765800107,0.7453258828379059,5614,13726,29942,1455,0.3421288648662968,0.7941717357476304,0.6856737198864157,0.29027921406411583,0.4251580900450604,0.7007903502374992,0.7399227278170231,0.3143262801135843,0.20582826425236955,0.38118138636498017,314.32628011358435,25368,50737
FedProx,256,1,highest_validation_average_precision,80,result/splits_iid_scaling/splits_iid_256_clients.json/FedProx/bestPRROC/run_1/model_round_80_run_1.pt,mcc_optimal,0.7015317678451538,,24660,,0.8189094004112871,0.3975044751468455,0.813472252527796,0.3953144229753979,2323,4264,17569,1212,0.3647890632389479,0.6571428571428571,0.8046993083863876,0.3526643388492485,0.4590001975894092,0.7309210827646224,4573,8822,34846,2496,0.34949256409540086,0.6469090394681002,0.7979756343317761,0.3413960432997387,0.446931196247068,0.7769280800993358,0.7224423368999382,0.2020243656682239,0.3530909605318998,0.2640085144963242,202.0243656682239,25368,50737
FedProx,256,1,highest_validation_average_precision,80,result/splits_iid_scaling/splits_iid_256_clients.json/FedProx/bestPRROC/run_1/model_round_80_run_1.pt,minimum_recall,0.5771982669830322,0.8,24660,15125,0.8189094004112871,0.3975044751468455,0.813472252527796,0.3953144229753979,2828,6759,15074,707,0.35027843861183316,0.8,0.6904227545458709,0.2949827891936998,0.43103185490016765,0.7452113772729354,5609,13834,29834,1460,0.3395171131667379,0.7934644221247701,0.6832005129614362,0.2884842874042072,0.42312914906457455,0.6985631787452944,0.7383324675431031,0.31679948703856375,0.20653557787522991,0.3832114630348661,316.79948703856377,25368,50737
FedProx,256,2,highest_validation_average_precision,80,result/splits_iid_scaling/splits_iid_256_clients.json/FedProx/bestPRROC/run_2/model_round_80_run_2.pt,mcc_optimal,0.6941445469856262,,24662,,0.816231175171747,0.39435697490781785,0.8124154270407454,0.3848555122207955,2339,4464,17369,1196,0.3574105912532131,0.6616690240452616,0.795538863188751,0.3438189034249596,0.4525053201779841,0.7286039436170063,4676,9174,34494,2393,0.3508773720453637,0.6614797000990239,0.7899148117614729,0.3376173285198556,0.44705769874276974,0.7720204190235922,0.7256972559302484,0.21008518823852707,0.3385202999009761,0.2729763289118395,210.08518823852705,25368,50737
FedProx,256,2,highest_validation_average_precision,80,result/splits_iid_scaling/splits_iid_256_clients.json/FedProx/bestPRROC/run_2/model_round_80_run_2.pt,minimum_recall,0.5762919187545776,0.8,24662,15092,0.816231175171747,0.39435697490781785,0.8124154270407454,0.3848555122207955,2828,6801,15032,707,0.3486069078899511,0.8,0.6884990610543672,0.29369612628518016,0.4296566393193558,0.7442495305271837,5632,13896,29772,1437,0.34054355155619154,0.7967180647899279,0.6817807089859852,0.288406390823433,0.42350641049742455,0.6977945089382502,0.7392493868879566,0.3182192910140148,0.2032819352100721,0.38488676902457775,318.2192910140148,25368,50737
FedProx,256,3,highest_validation_average_precision,80,result/splits_iid_scaling/splits_iid_256_clients.json/FedProx/bestPRROC/run_3/model_round_80_run_3.pt,mcc_optimal,0.6361849308013916,,24660,,0.816861548551882,0.38802252252003483,0.8111992178849001,0.3853267774943458,2658,5783,16050,877,0.3579520245870537,0.751909476661952,0.7351257271103375,0.31489160052126525,0.4438877755511022,0.7435176018861447,5244,11871,31797,1825,0.34422576027834656,0.7418305276559627,0.7281533388293487,0.30639789658194566,0.4336751571286801,0.7300589313518734,0.7349919332426558,0.27184666117065126,0.2581694723440373,0.33732778839899874,271.84666117065126,25368,50737
FedProx,256,3,highest_validation_average_precision,80,result/splits_iid_scaling/splits_iid_256_clients.json/FedProx/bestPRROC/run_3/model_round_80_run_3.pt,minimum_recall,0.5890415906906128,0.8,24660,15202,0.816861548551882,0.38802252252003483,0.8111992178849001,0.3853267774943458,2828,6684,15149,707,0.35328134189741395,0.8,0.6938579214949847,0.29730866274179985,0.4335096190695179,0.7469289607474924,5557,13673,29995,1512,0.3376173389614724,0.7861083604470223,0.6868874232847852,0.2889755590223609,0.42260161983345373,0.7007115123085716,0.7364978918659038,0.31311257671521475,0.21389163955297774,0.379013343319471,313.11257671521474,25368,50737
FedProx,256,4,highest_validation_average_precision,20,result/splits_iid_scaling/splits_iid_256_clients.json/FedProx/bestPRROC/run_4/model_round_20_run_4.pt,mcc_optimal,0.4670514166355133,,24665,,0.8108270307764397,0.4024579325635633,0.8039569778513587,0.39166900027655294,2206,3964,17869,1329,0.357173827017429,0.6240452616690241,0.8184399761828425,0.35753646677471634,0.4546110252447192,0.7212426189259333,4354,8312,35356,2715,0.34050885210501064,0.6159287027868157,0.8096546670330677,0.34375493447023525,0.44124651634152523,0.7826635394288192,0.7127916849099416,0.19034533296693235,0.38407129721318434,0.24964030194926778,190.34533296693235,25368,50737
FedProx,256,4,highest_validation_average_precision,20,result/splits_iid_scaling/splits_iid_256_clients.json/FedProx/bestPRROC/run_4/model_round_20_run_4.pt,minimum_recall,0.2694319784641266,0.8,24665,14757,0.8108270307764397,0.4024579325635633,0.8039569778513587,0.39166900027655294,2828,7139,14694,707,0.335407145472054,0.8,0.6730179086703614,0.2837363298886325,0.4189009035698415,0.7365089543351807,5632,14578,29090,1437,0.32741962778804473,0.7967180647899279,0.6661628652560228,0.278673923800099,0.412918362110048,0.6843526420560931,0.7314404650229753,0.33383713474397725,0.2032819352100721,0.39832863590673473,333.83713474397723,25368,50737
FedProx,256,5,highest_validation_average_precision,80,result/splits_iid_scaling/splits_iid_256_clients.json/FedProx/bestPRROC/run_5/model_round_80_run_5.pt,mcc_optimal,0.7185571193695068,,24657,,0.820278323348297,0.40153848499515654,0.8145785420237655,0.3951150788546672,2224,3901,17932,1311,0.36451955454811025,0.6291371994342292,0.821325516420098,0.3631020408163265,0.46045548654244306,0.7252313579271636,4361,7968,35700,2708,0.35077360079561287,0.6169189418588202,0.8175322890904094,0.3537188741990429,0.44963398288483347,0.7895815676922168,0.7172256154746148,0.18246771090959057,0.38308105814117976,0.2429982064371169,182.46771090959058,25368,50737
FedProx,256,5,highest_validation_average_precision,80,result/splits_iid_scaling/splits_iid_256_clients.json/FedProx/bestPRROC/run_5/model_round_80_run_5.pt,minimum_recall,0.5784753561019897,0.8,24657,15135,0.820278323348297,0.40153848499515654,0.8145785420237655,0.3951150788546672,2828,6752,15081,707,0.35055772685989117,0.8,0.6907433701277882,0.29519832985386224,0.4312619138391155,0.7453716850638941,5638,13913,29755,1431,0.34079559607454585,0.7975668411373603,0.6813914078959421,0.28837399621502735,0.42359128474830954,0.6975777046336993,0.7394791245166512,0.3186085921040579,0.20243315886263968,0.38534008711591144,318.6085921040579,25368,50737
FedProx,512,1,highest_validation_average_precision,80,result/splits_iid_scaling/splits_iid_512_clients.json/FedProx/bestPRROC/run_1/model_round_80_run_1.pt,mcc_optimal,0.7432970404624939,,24656,,0.8189803064032872,0.39596818193264993,0.8159682072601386,0.3994530477205907,2089,3424,18409,1446,0.36452986403683096,0.5909476661951909,0.8431731782164613,0.3789225467077816,0.46175950486295314,0.7170604222058261,4146,7106,36562,2923,0.3532374015878737,0.586504456075824,0.8372721443620043,0.36846782794169924,0.4525953823481251,0.8023336026962572,0.7118883002189141,0.16272785563799574,0.413495543924176,0.22177109407335868,162.72785563799573,25368,50737
FedProx,512,1,highest_validation_average_precision,80,result/splits_iid_scaling/splits_iid_512_clients.json/FedProx/bestPRROC/run_1/model_round_80_run_1.pt,minimum_recall,0.5699191689491272,0.8,24656,14965,0.8189803064032872,0.39596818193264993,0.8159682072601386,0.3994530477205907,2828,6923,14910,707,0.3437916319851714,0.8,0.6829111894838089,0.29002153625269206,0.42571127502634354,0.7414555947419045,5669,14084,29584,1400,0.3404853847892296,0.8019521855990946,0.6774754969313914,0.2869943806004151,0.4227126985310566,0.6948183771212331,0.7397138412652431,0.3225245030686086,0.19804781440090535,0.3893214025267556,322.52450306860857,25368,50737
FedProx,512,2,highest_validation_average_precision,80,result/splits_iid_scaling/splits_iid_512_clients.json/FedProx/bestPRROC/run_2/model_round_80_run_2.pt,mcc_optimal,0.7285983562469482,,24660,,0.8190745929092323,0.3982953512024718,0.8148502766012865,0.39195391492930964,2188,3753,18080,1347,0.3655798271040919,0.618953323903819,0.8281042458663491,0.3682881669752567,0.4617982271000422,0.723528784885084,4326,7726,35942,2743,0.35398985660649607,0.6119677464987976,0.8230741046074929,0.3589445735147693,0.45248679462371216,0.7936614305142204,0.7175209255531452,0.17692589539250714,0.3880322535012024,0.2375386798588801,176.92589539250713,25368,50737
FedProx,512,2,highest_validation_average_precision,80,result/splits_iid_scaling/splits_iid_512_clients.json/FedProx/bestPRROC/run_2/model_round_80_run_2.pt,minimum_recall,0.5718797445297241,0.8,24660,15042,0.8190745929092323,0.3982953512024718,0.8148502766012865,0.39195391492930964,2828,6854,14979,707,0.3465077624751064,0.8,0.6860715430769936,0.29208841148523035,0.42793372172202465,0.7430357715384968,5639,13962,29706,1430,0.33993639943424203,0.7977083038619324,0.6802693047540533,0.2876894036018571,0.4228721409823772,0.696631649486568,0.7389888043079929,0.31973069524594666,0.20229169613806763,0.38632556122750655,319.73069524594666,25368,50737
FedProx,512,3,highest_validation_average_precision,80,result/splits_iid_scaling/splits_iid_512_clients.json/FedProx/bestPRROC/run_3/model_round_80_run_3.pt,mcc_optimal,0.6385380029678345,,24661,,0.8149028328773951,0.388077452861853,0.8124470770091222,0.3907313155692133,2593,5541,16292,942,0.3559629407986984,0.7335219236209335,0.7462098657994779,0.3187853454634866,0.44442540063415886,0.7398658947102057,5143,11286,32382,1926,0.34714908251690774,0.7275427924741831,0.7415498763396537,0.3130440075476292,0.43773938207507024,0.7395983207521138,0.7345463344069184,0.25845012366034625,0.2724572075258169,0.32380708358791416,258.45012366034626,25368,50737
FedProx,512,3,highest_validation_average_precision,80,result/splits_iid_scaling/splits_iid_512_clients.json/FedProx/bestPRROC/run_3/model_round_80_run_3.pt,minimum_recall,0.5659451484680176,0.8,24661,14954,0.8149028328773951,0.388077452861853,0.8124470770091222,0.3907313155692133,2828,6939,14894,707,0.3431644683406341,0.8,0.682178353867998,0.28954643186239376,0.4251992181626823,0.741089176933999,5660,14181,29487,1409,0.33773319371960475,0.800679021077946,0.675254190711734,0.28526787964316314,0.420661464139725,0.6927291720046515,0.73796660589484,0.324745809288266,0.19932097892205403,0.391055836963163,324.745809288266,25368,50737
FedProx,512,4,highest_validation_average_precision,80,result/splits_iid_scaling/splits_iid_512_clients.json/FedProx/bestPRROC/run_4/model_round_80_run_4.pt,mcc_optimal,0.6807673573493958,,24657,,0.817846270497063,0.39131866556853445,0.811816131488054,0.3850947232953914,2427,4679,17154,1108,0.3642005447918756,0.6865629420084866,0.7856913846012916,0.34154235857022236,0.45616013532562727,0.7361271633048891,4812,9663,34005,2257,0.35233018316134296,0.6807186306408262,0.7787166804067052,0.33243523316062173,0.4467137021908652,0.7650629717957309,0.7297176555237657,0.22128331959329484,0.31928136935917384,0.2852947553067781,221.28331959329483,25368,50737
FedProx,512,4,highest_validation_average_precision,80,result/splits_iid_scaling/splits_iid_512_clients.json/FedProx/bestPRROC/run_4/model_round_80_run_4.pt,minimum_recall,0.5801750421524048,0.8,24657,15090,0.817846270497063,0.39131866556853445,0.811816131488054,0.3850947232953914,2828,6795,15038,707,0.34884525922027826,0.8,0.6887738744102964,0.29387924763587236,0.42985256117951054,0.7443869372051481,5618,13840,29828,1451,0.340276449810114,0.7947375866459188,0.6830631125767153,0.28872443211018606,0.42356843970294417,0.69862230719199,0.738900349611317,0.31693688742328474,0.20526241335408124,0.3835071052683446,316.93688742328476,25368,50737
FedProx,512,5,highest_validation_average_precision,80,result/splits_iid_scaling/splits_iid_512_clients.json/FedProx/bestPRROC/run_5/model_round_80_run_5.pt,mcc_optimal,0.6788997054100037,,24657,,0.818140046104119,0.3975370397564206,0.8154501277291653,0.3945304371197761,2405,4593,17240,1130,0.36414961586565897,0.6803394625176803,0.7896303760362754,0.34366961989139755,0.4566600208867369,0.7349849192769778,4756,9367,34301,2313,0.354091642772368,0.6727967180647899,0.7854950993862783,0.33675564681724846,0.4488486221215553,0.7697932475313873,0.7291459087255341,0.21450490061372174,0.3272032819352101,0.27835701756114867,214.50490061372173,25368,50737
FedProx,512,5,highest_validation_average_precision,80,result/splits_iid_scaling/splits_iid_512_clients.json/FedProx/bestPRROC/run_5/model_round_80_run_5.pt,minimum_recall,0.5601638555526733,0.8,24657,14901,0.818140046104119,0.3975370397564206,0.8154501277291653,0.3945304371197761,2828,6990,14843,707,0.3411719855582362,0.8,0.6798424403426007,0.2880423711550214,0.4235752265408522,0.7399212201713004,5714,14102,29566,1355,0.34451562505581784,0.808318008204838,0.6770632957772281,0.2883528461849011,0.42506974149153803,0.6953505331414944,0.742690651991033,0.3229367042227719,0.191681991795162,0.39056309990736543,322.9367042227719,25368,50737
FedProx,1024,1,highest_validation_average_precision,80,result/splits_iid_scaling/splits_iid_1024_clients.json/FedProx/bestPRROC/run_1/model_round_80_run_1.pt,mcc_optimal,0.7034011483192444,,24659,,0.8168896647698154,0.39804772728148563,0.8141374558191385,0.39114675679392347,2272,4166,17667,1263,0.35962216396211777,0.6427157001414427,0.8091879265332295,0.35290462876669776,0.4556302015441693,0.7259518133373362,4534,8633,35035,2535,0.3504950468881794,0.6413919932097892,0.8023037464504901,0.3443457127667654,0.44811227515319235,0.7798845024341211,0.7218478698301396,0.19769625354950993,0.35860800679021076,0.2595147525474506,197.69625354950992,25368,50737
FedProx,1024,1,highest_validation_average_precision,80,result/splits_iid_scaling/splits_iid_1024_clients.json/FedProx/bestPRROC/run_1/model_round_80_run_1.pt,minimum_recall,0.5692262649536133,0.8,24659,15038,0.8168896647698154,0.39804772728148563,0.8141374558191385,0.39114675679392347,2828,6846,14987,707,0.34682389404065755,0.8,0.6864379608848991,0.29232995658465993,0.4281928987811341,0.7432189804424496,5666,13958,29710,1403,0.3426436393558112,0.8015277974253784,0.680360905010534,0.2887280880554423,0.4245307758588394,0.6972426434357569,0.7409443512179562,0.31963909498946597,0.19847220257462161,0.3867788793188403,319.63909498946595,25368,50737
FedProx,1024,2,highest_validation_average_precision,80,result/splits_iid_scaling/splits_iid_1024_clients.json/FedProx/bestPRROC/run_2/model_round_80_run_2.pt,mcc_optimal,0.7007927894592285,,24656,,0.8170297016746189,0.3982225075775219,0.8143016614918159,0.3953100014120921,2275,4165,17668,1260,0.36029704542768826,0.6435643564356436,0.8092337287592177,0.3532608695652174,0.45614035087719296,0.7263990425974307,4516,8496,35172,2553,0.35232001975550703,0.6388456641674919,0.8054410552349547,0.3470642483861051,0.44977839749016485,0.7822299308197174,0.7221433597012232,0.19455894476504532,0.3611543358325081,0.25645978280150583,194.5589447650453,25368,50737
FedProx,1024,2,highest_validation_average_precision,80,result/splits_iid_scaling/splits_iid_1024_clients.json/FedProx/bestPRROC/run_2/model_round_80_run_2.pt,minimum_recall,0.5695722103118896,0.8,24656,15140,0.8170297016746189,0.3982225075775219,0.8143016614918159,0.3953100014120921,2828,6744,15089,707,0.3508771596706059,0.8,0.6911097879356937,0.2954450480568324,0.43152513923857483,0.7455548939678469,5607,13734,29934,1462,0.3412888167132195,0.793181496675626,0.6854905193734543,0.2899022801302932,0.4246118894358198,0.7004947080040207,0.7393360080245401,0.3145094806265457,0.20681850332437401,0.38120109584721207,314.5094806265457,25368,50737
FedProx,1024,3,highest_validation_average_precision,80,result/splits_iid_scaling/splits_iid_1024_clients.json/FedProx/bestPRROC/run_3/model_round_80_run_3.pt,mcc_optimal,0.6701256036758423,,24665,,0.8166489860572712,0.3964094813985827,0.8139576875622156,0.39331597348706504,2410,4702,17131,1125,0.3595867301564614,0.6817538896746818,0.7846379334035634,0.3388638920134983,0.45270968347891427,0.7331959115391226,4807,9575,34093,2262,0.3540200524840337,0.6800113170179658,0.7807318860492809,0.3342372409956891,0.4481842338352524,0.7666988588209788,0.7303716015336233,0.2192681139507191,0.3199886829820342,0.28346177345921125,219.2681139507191,25368,50737
FedProx,1024,3,highest_validation_average_precision,80,result/splits_iid_scaling/splits_iid_1024_clients.json/FedProx/bestPRROC/run_3/model_round_80_run_3.pt,minimum_recall,0.5563496947288513,0.8,24665,14982,0.8166489860572712,0.3964094813985827,0.8139576875622156,0.39331597348706504,2828,6900,14933,707,0.3446949284407788,0.8,0.6839646406815372,0.29070723684210525,0.426449521224459,0.7419823203407686,5663,14097,29571,1406,0.33964936635443804,0.8011034092516622,0.677177796097829,0.28658906882591095,0.4221551306422155,0.6944438969588269,0.7391406026747456,0.322822203902171,0.19889659074833776,0.3894593689023789,322.822203902171,25368,50737
FedProx,1024,4,highest_validation_average_precision,80,result/splits_iid_scaling/splits_iid_1024_clients.json/FedProx/bestPRROC/run_4/model_round_80_run_4.pt,mcc_optimal,0.656067430973053,,24664,,0.8190794322674803,0.39606938715179396,0.8154369915345114,0.3983665472272192,2495,4956,16877,1040,0.3640563750356526,0.7057991513437057,0.7730041680025649,0.3348543819621527,0.4542144547606044,0.7394016596731353,4939,10237,33431,2130,0.35111787319512866,0.6986843966614797,0.765572043601722,0.3254480759093305,0.4440548437851203,0.7562528332380708,0.7321282201316008,0.23442795639827796,0.30131560333852025,0.29911110235134125,234.42795639827796,25368,50737
FedProx,1024,4,highest_validation_average_precision,80,result/splits_iid_scaling/splits_iid_1024_clients.json/FedProx/bestPRROC/run_4/model_round_80_run_4.pt,minimum_recall,0.5631355047225952,0.8,24664,15193,0.8190794322674803,0.39606938715179396,0.8154369915345114,0.3983665472272192,2828,6693,15140,707,0.35291975980779383,0.8,0.693445701461091,0.2970276231488289,0.4332107843137255,0.7467228507305455,5610,13693,29975,1459,0.3423904107853148,0.7936058848493422,0.6864294220023817,0.29062839973061183,0.42545123615956315,0.7013619252222244,0.740017653425862,0.31357057799761834,0.20639411515065775,0.3804521355223998,313.57057799761833,25368,50737
FedProx,1024,5,highest_validation_average_precision,80,result/splits_iid_scaling/splits_iid_1024_clients.json/FedProx/bestPRROC/run_5/model_round_80_run_5.pt,mcc_optimal,0.6521395444869995,,24659,,0.8199883635136747,0.4008752683449771,0.8143652983371372,0.3988503542868803,2522,5042,16791,1013,0.3652718401878788,0.7134370579915135,0.7690651765675812,0.33342147012162876,0.4544553563384089,0.7412511172795473,4979,10388,33280,2090,0.3515282383550015,0.7043429056443627,0.7621141339195749,0.3240059868549489,0.44384025673025496,0.7540650807103297,0.7332285197819688,0.23788586608042506,0.29565709435563725,0.3028756134576345,237.88586608042505,25368,50737
FedProx,1024,5,highest_validation_average_precision,80,result/splits_iid_scaling/splits_iid_1024_clients.json/FedProx/bestPRROC/run_5/model_round_80_run_5.pt,minimum_recall,0.564828634262085,0.8,24659,15204,0.8199883635136747,0.4008752683449771,0.8143652983371372,0.3988503542868803,2828,6678,15155,707,0.3535225850863198,0.8,0.6941327348509138,0.2974963181148748,0.4337090713902308,0.747066367425457,5591,13700,29968,1478,0.34039985397788464,0.7909180930824727,0.6862691215535404,0.2898242703851537,0.42420333839150226,0.700849478684195,0.7385936073180066,0.31373087844645964,0.20908190691752726,0.380215621735617,313.73087844645966,25368,50737
FedProx,2048,1,highest_validation_average_precision,80,result/splits_iid_scaling/splits_iid_2048_clients.json/FedProx/bestPRROC/run_1/model_round_80_run_1.pt,mcc_optimal,0.6798362731933594,,24664,,0.8190359363487697,0.3949228475907166,0.8162325071726215,0.3939299800343866,2376,4417,17416,1159,0.3674468217264283,0.6721357850070722,0.7976915678101956,0.3497718239364051,0.4601084430673896,0.7349136764086339,4749,9129,34539,2320,0.3594790096945107,0.6718064789927854,0.790945314646881,0.34219628188499784,0.4534300854537643,0.7743461379269566,0.7313758968198332,0.209054685353119,0.32819352100721455,0.27352819441433274,209.054685353119,25368,50737
FedProx,2048,1,highest_validation_average_precision,80,result/splits_iid_scaling/splits_iid_2048_clients.json/FedProx/bestPRROC/run_1/model_round_80_run_1.pt,minimum_recall,0.5529242157936096,0.8,24664,14990,0.8190359363487697,0.3949228475907166,0.8162325071726215,0.3939299800343866,2828,6903,14930,707,0.34457698976744006,0.8,0.6838272340035726,0.2906176138115302,0.426353083069501,0.7419136170017864,5700,14215,29453,1369,0.3409701704956626,0.806337530060829,0.6744755885316479,0.28621641978408235,0.42247257634153573,0.6928474288980428,0.7404065592962384,0.3255244114683521,0.19366246993917102,0.3925143386483237,325.52441146835207,25368,50737
FedProx,2048,2,highest_validation_average_precision,80,result/splits_iid_scaling/splits_iid_2048_clients.json/FedProx/bestPRROC/run_2/model_round_80_run_1.pt,mcc_optimal,0.7162085175514221,,24658,,0.8178953119186656,0.3944830700211224,0.8139914270116159,0.3927592697887154,2177,3763,18070,1358,0.36268185755464627,0.6158415841584158,0.8276462236064672,0.3664983164983165,0.4595250659630607,0.7217439038824416,4345,7840,35828,2724,0.35272196189558747,0.614655538265667,0.8204634972977924,0.35658596635207224,0.45133478757660744,0.7917890297021897,0.7175595177817298,0.17953650270220756,0.385344461734333,0.24016004099572305,179.53650270220754,25368,50737
FedProx,2048,2,highest_validation_average_precision,80,result/splits_iid_scaling/splits_iid_2048_clients.json/FedProx/bestPRROC/run_2/model_round_80_run_1.pt,minimum_recall,0.560455322265625,0.8,24658,15131,0.8178953119186656,0.3944830700211224,0.8139914270116159,0.3927592697887154,2828,6757,15076,707,0.35035821476100926,0.8,0.6905143589978473,0.29504434011476266,0.43109756097560975,0.7452571794989237,5642,13832,29836,1427,0.34277163695531565,0.7981326920356486,0.6832463130896766,0.2897196261682243,0.4251215009607053,0.6992530106234109,0.7406895025626626,0.31675368691032335,0.20186730796435137,0.38382245698405504,316.7536869103233,25368,50737
FedProx,2048,3,highest_validation_average_precision,80,result/splits_iid_scaling/splits_iid_2048_clients.json/FedProx/bestPRROC/run_3/model_round_80_run_1.pt,mcc_optimal,0.6808499097824097,,24662,,0.8148165277494439,0.3836956706429219,0.8126793819458966,0.3854682266645815,2375,4607,17226,1160,0.357330396244494,0.6718528995756718,0.7889891448724408,0.3401604124892581,0.4516497099933441,0.7304210222240564,4712,9428,34240,2357,0.34807463512574544,0.6665723581836186,0.7840981954749473,0.33323903818953327,0.444339667122448,0.7677237518970377,0.7253352768292829,0.2159018045250527,0.3334276418163814,0.278692078759091,215.9018045250527,25368,50737
FedProx,2048,3,highest_validation_average_precision,80,result/splits_iid_scaling/splits_iid_2048_clients.json/FedProx/bestPRROC/run_3/model_round_80_run_1.pt,minimum_recall,0.5616742968559265,0.8,24662,14988,0.8148165277494439,0.3836956706429219,0.8126793819458966,0.3854682266645815,2828,6911,14922,707,0.344262659028593,0.8,0.6834608161956671,0.2903788890029777,0.42609612776857014,0.7417304080978335,5664,14103,29565,1405,0.3396304821263707,0.8012448719762343,0.677040395713108,0.28653816967673396,0.42211954091518855,0.6943453495476674,0.7391426338446712,0.32295960428689197,0.19875512802376571,0.3895973352780022,322.959604286892,25368,50737
FedProx,2048,4,highest_validation_average_precision,80,result/splits_iid_scaling/splits_iid_2048_clients.json/FedProx/bestPRROC/run_4/model_round_80_run_1.pt,mcc_optimal,0.7095838785171509,,24660,,0.8173759069018902,0.3983607296431277,0.8125183072552495,0.3882001397837702,2237,4014,17819,1298,0.3608102542593932,0.6328147100424328,0.8161498648834333,0.3578627419612862,0.45718373186184347,0.7244822874629331,4406,8330,35338,2663,0.3454300043624934,0.6232847644645636,0.8092424658789045,0.3459484924623116,0.44493814693259276,0.7833336618247039,0.7162636151717341,0.19075753412109553,0.3767152355354364,0.2510199657055009,190.75753412109552,25368,50737
FedProx,2048,4,highest_validation_average_precision,80,result/splits_iid_scaling/splits_iid_2048_clients.json/FedProx/bestPRROC/run_4/model_round_80_run_1.pt,minimum_recall,0.5669382810592651,0.8,24660,15110,0.8173759069018902,0.3983607296431277,0.8125183072552495,0.3882001397837702,2828,6770,15063,707,0.34983996230962283,0.8,0.6899189300600009,0.29464471764951033,0.4306708292088632,0.7449594650300004,5635,13918,29750,1434,0.3404056633571925,0.797142452963644,0.6812769075753412,0.28819107042397585,0.4233340845916911,0.6974200287758441,0.7392096802694926,0.3187230924246588,0.20285754703635595,0.38537950608037524,318.7230924246588,25368,50737
FedProx,2048,5,highest_validation_average_precision,80,result/splits_iid_scaling/splits_iid_2048_clients.json/FedProx/bestPRROC/run_5/model_round_80_run_1.pt,mcc_optimal,0.6943633556365967,,24663,,0.8164559818257804,0.3919954883433448,0.814775521773215,0.3923167545637069,2305,4337,17496,1230,0.3571637477810724,0.652050919377652,0.8013557458892502,0.3470340258958145,0.4529822147980741,0.7267033326334511,4640,9015,34653,2429,0.3513101354080789,0.6563870420144292,0.7935559219565815,0.3398022702306847,0.4477900019301293,0.7744446853381162,0.7249714819855053,0.20644407804341847,0.3436129579855708,0.26913297987661866,206.44407804341847,25368,50737
FedProx,2048,5,highest_validation_average_precision,80,result/splits_iid_scaling/splits_iid_2048_clients.json/FedProx/bestPRROC/run_5/model_round_80_run_1.pt,minimum_recall,0.569762647151947,0.8,24663,15034,0.8164559818257804,0.3919954883433448,0.814775521773215,0.3923167545637069,2828,6844,14989,707,0.3469029667900221,0.8,0.6865295653368754,0.2923904052936311,0.42825774210645867,0.7432647826684378,5637,13974,29694,1432,0.33950769079824283,0.7974253784127883,0.6799945039846111,0.28744072204375093,0.4225637181409295,0.6963557167353214,0.7387099411986997,0.32000549601538886,0.20257462158721173,0.38652265604982555,320.00549601538887,25368,50737
FedProx,4096,1,highest_validation_average_precision,79,result/splits_iid_scaling/splits_iid_4096_clients.json/FedProx/bestPRROC/run_1/model_round_79_run_1.pt,mcc_optimal,0.6882495284080505,,24659,,0.8182798173948821,0.39638515304701183,0.8127977032631915,0.3862222493543854,2299,4226,17607,1236,0.3619144759830747,0.6503536067892504,0.8064397929739385,0.35233716475095783,0.4570576540755467,0.7283966998815945,4544,8713,34955,2525,0.34939344632248986,0.64280662045551,0.8004717413208757,0.34276231424907594,0.4471120732067303,0.7785048386778879,0.7216391808881928,0.19952825867912427,0.35719337954449004,0.26128860594832176,199.52825867912426,25368,50737
FedProx,4096,1,highest_validation_average_precision,79,result/splits_iid_scaling/splits_iid_4096_clients.json/FedProx/bestPRROC/run_1/model_round_79_run_1.pt,minimum_recall,0.5442872047424316,0.8,24659,15069,0.8182798173948821,0.39638515304701183,0.8127977032631915,0.3862222493543854,2828,6817,15016,707,0.34797201519451787,0.8,0.6877662254385564,0.2932089165370658,0.4291350531107739,0.7438831127192782,5669,14002,29666,1400,0.3420783328652352,0.8019521855990946,0.6793533021892462,0.28819073763408065,0.42400897531787585,0.696434554664249,0.7406527438941704,0.32064669781075383,0.19804781440090535,0.38770522498373966,320.64669781075384,25368,50737
FedProx,4096,2,highest_validation_average_precision,80,result/splits_iid_scaling/splits_iid_4096_clients.json/FedProx/bestPRROC/run_2/model_round_80_run_1.pt,mcc_optimal,0.6451794505119324,,24658,,0.8161006226317026,0.3964692103023485,0.8151132110622167,0.3938078479580259,2512,5037,16796,1023,0.3635113319296441,0.7106082036775107,0.7692941876975221,0.3327593058683269,0.45326596896427285,0.7399511956875164,4984,10299,33369,2085,0.35414734827964595,0.7050502192672231,0.764152239626271,0.32611398285676896,0.44595561918396565,0.7559177720401286,0.734601229446747,0.235847760373729,0.2949497807327769,0.3012200169501547,235.84776037372902,25368,50737
FedProx,4096,2,highest_validation_average_precision,80,result/splits_iid_scaling/splits_iid_4096_clients.json/FedProx/bestPRROC/run_2/model_round_80_run_1.pt,minimum_recall,0.5534282922744751,0.8,24658,14985,0.8161006226317026,0.3964692103023485,0.8151132110622167,0.3938078479580259,2828,6904,14929,707,0.3445376847177754,0.8,0.6837814317775844,0.2905877517468146,0.4263209467098817,0.7418907158887922,5676,14045,29623,1393,0.34192361002023447,0.8029424246710992,0.6783685994320784,0.28781501952233657,0.42374020156774916,0.6957250133039005,0.7406555120515887,0.3216314005679216,0.19705757532890078,0.38869069909533477,321.6314005679216,25368,50737
FedProx,4096,3,highest_validation_average_precision,80,result/splits_iid_scaling/splits_iid_4096_clients.json/FedProx/bestPRROC/run_3/model_round_80_run_1.pt,mcc_optimal,0.6607438325881958,,24655,,0.8153253146829951,0.39640275244549067,0.8131572899893722,0.39395045913919297,2389,4698,17135,1146,0.35553030816929854,0.6758132956152758,0.7848211423075161,0.3370960914350219,0.44982112596497836,0.730317218961396,4785,9601,34067,2284,0.3511417609499317,0.6768991370773801,0.7801364843821563,0.3326150424023356,0.4460498718247495,0.7657528036738475,0.7285178107297683,0.21986351561784367,0.32310086292261986,0.28354061138813885,219.8635156178437,25368,50737
FedProx,4096,3,highest_validation_average_precision,80,result/splits_iid_scaling/splits_iid_4096_clients.json/FedProx/bestPRROC/run_3/model_round_80_run_1.pt,minimum_recall,0.5454216003417969,0.8,24655,15011,0.8153253146829951,0.39640275244549067,0.8131572899893722,0.39395045913919297,2828,6867,14966,707,0.3459945914800582,0.8,0.6854761141391471,0.29169675090252706,0.4275132275132275,0.7427380570695736,5614,13995,29673,1455,0.33685829957508495,0.7941717357476304,0.6795136026380874,0.28629710847060025,0.4208711297698478,0.6954884995171177,0.7368426691928589,0.32048639736191264,0.20582826425236955,0.38648323708536175,320.4863973619126,25368,50737
FedProx,4096,4,highest_validation_average_precision,62,result/splits_iid_scaling/splits_iid_4096_clients.json/FedProx/bestPRROC/run_4/model_round_62_run_1.pt,mcc_optimal,0.6908923983573914,,24656,,0.8183639716969454,0.4006424460562066,0.8146727792376933,0.39948585725728375,2412,4661,17172,1123,0.36207943224640515,0.6823196605374823,0.7865158246690789,0.34101512795136435,0.45475113122171945,0.7344177426032805,4791,9589,34079,2278,0.3520493841688338,0.6777479134248126,0.7804112851515984,0.3331710709318498,0.44673411347848385,0.7661075743540218,0.7290795992882055,0.2195887148484016,0.32225208657518745,0.2834223544947474,219.5887148484016,25368,50737
FedProx,4096,4,highest_validation_average_precision,62,result/splits_iid_scaling/splits_iid_4096_clients.json/FedProx/bestPRROC/run_4/model_round_62_run_1.pt,minimum_recall,0.5736563801765442,0.8,24656,15064,0.8183639716969454,0.4006424460562066,0.8146727792376933,0.39948585725728375,2828,6819,15014,707,0.3478927261321259,0.8,0.6876746209865799,0.2931481289520058,0.42906994386284325,0.74383731049329,5616,13862,29806,1453,0.33965031440126053,0.7944546611967747,0.6825593111660713,0.28832529007084917,0.42309865521527856,0.6981492796184244,0.738506986181423,0.31744068883392873,0.20554533880322534,0.38390129491298264,317.44068883392873,25368,50737
FedProx,4096,5,highest_validation_average_precision,80,result/splits_iid_scaling/splits_iid_4096_clients.json/FedProx/bestPRROC/run_5/model_round_80_run_1.pt,mcc_optimal,0.7088867425918579,,24657,,0.8178428045577555,0.39523795182870325,0.8121925474451167,0.38817340481279516,2178,3794,18039,1357,0.3610790324014177,0.6161244695898161,0.8262263546008336,0.36470194239785664,0.4581887030609025,0.7211754120953249,4253,7764,35904,2816,0.3452247053082549,0.601640967605036,0.8222039021709261,0.3539152866772073,0.44566698103321806,0.7914736779864793,0.7119224348879811,0.1777960978290739,0.39835903239496395,0.23684884798076355,177.79609782907391,25368,50737
FedProx,4096,5,highest_validation_average_precision,80,result/splits_iid_scaling/splits_iid_4096_clients.json/FedProx/bestPRROC/run_5/model_round_80_run_1.pt,minimum_recall,0.5539095401763916,0.8,24657,15137,0.8178428045577555,0.39523795182870325,0.8121925474451167,0.38817340481279516,2828,6750,15083,707,0.35063756041597627,0.8,0.6908349745797646,0.29525997076633953,0.431327690078548,0.7454174872898823,5606,13792,29876,1463,0.3400495232447866,0.7930400339510539,0.6841623156544838,0.28899886586246004,0.42362186874220725,0.6993318485523385,0.7386011748027689,0.3158376843455162,0.20695996604894606,0.3823245363344305,315.83768434551615,25368,50737
FedProx,8192,1,highest_validation_average_precision,80,result/splits_iid_scaling/splits_iid_8192_clients.json/FedProx/bestPRROC/run_1/model_round_80_run_1.pt,mcc_optimal,0.6427582502365112,,24665,,0.8184059257585434,0.4006786926713126,0.8133911644665437,0.39197258534660284,2397,4585,17248,1138,0.3629373108694624,0.6780763790664781,0.7899967938441809,0.34331137209968493,0.45583341257012455,0.7340365864553295,4741,9483,34185,2328,0.34963604680657845,0.6706747771962088,0.7828386919483374,0.33330989876265465,0.4453106654769173,0.7672113053590082,0.7267567345722732,0.21716130805166256,0.3293252228037912,0.28034767526657073,217.16130805166256,25368,50737
FedProx,8192,1,highest_validation_average_precision,80,result/splits_iid_scaling/splits_iid_8192_clients.json/FedProx/bestPRROC/run_1/model_round_80_run_1.pt,minimum_recall,0.5308104157447815,0.8,24665,15156,0.8184059257585434,0.4006786926713126,0.8133911644665437,0.39197258534660284,2828,6737,15096,707,0.35115687932184303,0.8,0.691430403517611,0.2956612650287507,0.4317557251908397,0.7457152017588056,5608,13764,29904,1461,0.34079527082487476,0.793322959400198,0.6848035174498489,0.2894899855461491,0.4241897053817934,0.6999231330192955,0.7390632384250235,0.3151964825501511,0.20667704059980196,0.381812089796401,315.1964825501511,25368,50737
FedProx,8192,2,highest_validation_average_precision,80,result/splits_iid_scaling/splits_iid_8192_clients.json/FedProx/bestPRROC/run_2/model_round_80_run_2.pt,mcc_optimal,0.6788787841796875,,24667,,0.8193338775613859,0.39880163562621906,0.8161675388905546,0.39348757220042296,2215,3830,18003,1320,0.3667371911762018,0.6265912305516266,0.824577474465259,0.3664185277088503,0.46242171189979125,0.7255843525084428,4415,7996,35672,2654,0.3556239975973376,0.6245579289857123,0.8168910872950444,0.3557328176617517,0.45328542094455854,0.7900940142302462,0.7207245081403784,0.18310891270495555,0.3754420710142877,0.24461438398013285,183.10891270495554,25368,50737
FedProx,8192,2,highest_validation_average_precision,80,result/splits_iid_scaling/splits_iid_8192_clients.json/FedProx/bestPRROC/run_2/model_round_80_run_2.pt,minimum_recall,0.5176129341125488,0.8,24667,15075,0.8193338775613859,0.39880163562621906,0.8161675388905546,0.39348757220042296,2828,6821,15012,707,0.34781345315372836,0.8,0.6875830165346036,0.2930873665664836,0.42900485436893204,0.7437915082673019,5699,13974,29694,1370,0.34554386706177054,0.8061960673362569,0.6799945039846111,0.28968637218522847,0.42622092588437666,0.6975777046336993,0.743095285660434,0.32000549601538886,0.19380393266374307,0.38774464394820346,320.00549601538887,25368,50737
FedProx,8192,3,highest_validation_average_precision,80,result/splits_iid_scaling/splits_iid_8192_clients.json/FedProx/bestPRROC/run_3/model_round_80_run_1.pt,mcc_optimal,0.6079264283180237,,24656,,0.8182344233075414,0.3945608187238393,0.8126842687398879,0.3892687966268304,2566,5291,16542,969,0.3621629000577598,0.7258840169731259,0.7576604222965236,0.32658775614102076,0.45049157303370785,0.7417722196348248,5085,10989,32679,1984,0.3481151150874596,0.7193379544490027,0.748351195383347,0.31634938409854424,0.4394417318411615,0.7443088870055383,0.7338445749161748,0.25164880461665295,0.2806620455509973,0.316810217395589,251.64880461665297,25368,50737
FedProx,8192,3,highest_validation_average_precision,80,result/splits_iid_scaling/splits_iid_8192_clients.json/FedProx/bestPRROC/run_3/model_round_80_run_1.pt,minimum_recall,0.5307808518409729,0.8,24656,15072,0.8182344233075414,0.3945608187238393,0.8126842687398879,0.3892687966268304,2828,6819,15014,707,0.3478927261321259,0.8,0.6876746209865799,0.2931481289520058,0.42906994386284325,0.74383731049329,5643,13920,29748,1426,0.34114579794343436,0.7982741547602207,0.6812311074471008,0.28845269130501455,0.4237759086812857,0.6975382856692355,0.7397526311036607,0.3187688925528992,0.20172584523977932,0.3855766009026943,318.7688925528992,25368,50737
FedProx,8192,4,highest_validation_average_precision,80,result/splits_iid_scaling/splits_iid_8192_clients.json/FedProx/bestPRROC/run_4/model_round_80_run_2.pt,mcc_optimal,0.6808599233627319,,24662,,0.8145475255104468,0.3931867636982248,0.8117696915574846,0.38972481399943465,2173,3882,17951,1362,0.3549419113937722,0.6147100424328147,0.8221957587138735,0.3588769611890999,0.4531803962460897,0.7184529005733441,4363,8147,35521,2706,0.3459841854854425,0.6172018673079643,0.8134331776128974,0.34876099120703435,0.4456815976301139,0.7860929893371701,0.7153175224604309,0.18656682238710265,0.38279813269203566,0.24656562272109112,186.56682238710266,25368,50737
FedProx,8192,4,highest_validation_average_precision,80,result/splits_iid_scaling/splits_iid_8192_clients.json/FedProx/bestPRROC/run_4/model_round_80_run_2.pt,minimum_recall,0.5150414705276489,0.8,24662,14950,0.8145475255104468,0.3931867636982248,0.8117696915574846,0.38972481399943465,2828,6942,14891,707,0.3430469858095982,0.8,0.6820409471900334,0.2894575230296827,0.4251033446072905,0.7410204735950168,5682,14152,29516,1387,0.34043443266720075,0.8037912010185316,0.6759182925712192,0.2864777654532621,0.4224064230754934,0.6937343555984784,0.7398547467948754,0.32408170742878084,0.19620879898146837,0.3909178705875397,324.0817074287808,25368,50737
FedProx,8192,5,highest_validation_average_precision,80,result/splits_iid_scaling/splits_iid_8192_clients.json/FedProx/bestPRROC/run_5/model_round_80_run_1.pt,mcc_optimal,0.635154664516449,,24665,,0.8157914543670869,0.38824771924906404,0.8132240221821638,0.39176232759371343,2433,4786,17047,1102,0.3600032547436515,0.6882602545968882,0.780790546420556,0.33702728909821306,0.45248279709875394,0.7345254005087221,4820,9757,33911,2249,0.3508089072364426,0.6818503324374028,0.7765640743794082,0.33065788571036564,0.4453478702762635,0.7633679563237874,0.7292072034084055,0.22343592562059178,0.3181496675625972,0.2873051224944321,223.43592562059177,25368,50737
FedProx,8192,5,highest_validation_average_precision,80,result/splits_iid_scaling/splits_iid_8192_clients.json/FedProx/bestPRROC/run_5/model_round_80_run_1.pt,minimum_recall,0.5132108330726624,0.8,24665,14950,0.8157914543670869,0.38824771924906404,0.8132240221821638,0.39176232759371343,2828,6943,14890,707,0.34300783271533736,0.8,0.6819951449640452,0.28942789888445397,0.4250713963625432,0.7409975724820226,5658,14140,29528,1411,0.33833040760746647,0.8003960956288018,0.6761930933406614,0.28578644307505807,0.4211858413667324,0.6934978418116956,0.7382945944847316,0.32380690665933864,0.19960390437119824,0.3902083292271912,323.80690665933867,25368,50737
FedProx,16384,1,highest_validation_average_precision,80,result/splits_iid_scaling/splits_iid_16384_clients.json/FedProx/bestPRROC/run_1/model_round_80.pt,mcc_optimal,0.5991042256355286,,24662,,0.8138349543024,0.40037124111620115,0.8127465304151402,0.39780049319119604,2316,4340,17493,1219,0.35926276616762787,0.6551626591230552,0.8012183392112857,0.3479567307692308,0.45451869296438036,0.7281904991671704,4624,9000,34668,2445,0.3500625585211792,0.654123638421276,0.7938994229183842,0.33940105695830886,0.44691441550282707,0.7744249758558842,0.72401153066983,0.20610057708161578,0.34587636157872403,0.2685219859274297,206.10057708161577,25368,50737
FedProx,16384,1,highest_validation_average_precision,80,result/splits_iid_scaling/splits_iid_16384_clients.json/FedProx/bestPRROC/run_1/model_round_80.pt,minimum_recall,0.43879634141921997,0.8,24662,15038,0.8138349543024,0.40037124111620115,0.8127465304151402,0.39780049319119604,2828,6857,14976,707,0.34638927881736525,0.8,0.685934136399029,0.2919979349509551,0.42783661119515887,0.7429670681995145,5626,14053,29615,1443,0.33689986048149906,0.7958692884424954,0.678185398919117,0.28588851059505055,0.42066696575444895,0.6945818633344502,0.7370273436808061,0.321814601080883,0.20413071155750462,0.3878629008415949,321.814601080883,25368,50737
FedProx,16384,2,highest_validation_average_precision,80,result/splits_iid_scaling/splits_iid_16384_clients.json/FedProx/bestPRROC/run_2/model_round_80.pt,mcc_optimal,0.6000826954841614,,24656,,0.8166643787148309,0.4028635468016962,0.8117629857811756,0.39568162361995324,2323,4353,17480,1212,0.3600051209220705,0.6571428571428571,0.8006229102734392,0.34796285200718996,0.4549995103319949,0.7288828837081482,4604,8954,34714,2465,0.3492122648102367,0.6512943839298345,0.7949528258679124,0.3395781088656144,0.4464051970717991,0.7749374223939137,0.7231236048988734,0.20504717413208762,0.3487056160701655,0.26722116010012414,205.0471741320876,25368,50737
FedProx,16384,2,highest_validation_average_precision,80,result/splits_iid_scaling/splits_iid_16384_clients.json/FedProx/bestPRROC/run_2/model_round_80.pt,minimum_recall,0.43559902906417847,0.8,24656,14990,0.8166643787148309,0.4028635468016962,0.8117629857811756,0.39568162361995324,2828,6908,14925,707,0.34438050369471274,0.8,0.6835982228736317,0.29046836483155297,0.42619244970235853,0.7417991114368159,5643,14059,29609,1426,0.3384389897729597,0.7982741547602207,0.6780479985343959,0.2864176225763882,0.42157558552164653,0.6947986676390011,0.7381610766473083,0.3219520014656041,0.20172584523977932,0.3883162189329286,321.9520014656041,25368,50737
FedProx,16384,3,highest_validation_average_precision,80,result/splits_iid_scaling/splits_iid_16384_clients.json/FedProx/bestPRROC/run_3/model_round_80.pt,mcc_optimal,0.598922610282898,,24660,,0.810282884783561,0.3914984500964275,0.8094532281043478,0.38702307817225573,2301,4404,17429,1234,0.35278264151678546,0.6509193776520509,0.7982869967480419,0.34317673378076063,0.4494140625,0.7246031872000465,4585,8976,34692,2484,0.3466903077040575,0.648606592162965,0.7944490244572685,0.3381019098886513,0.4444983034415899,0.7741293336224058,0.7215278083101168,0.2055509755427315,0.351393407837035,0.2672802885468199,205.5509755427315,25368,50737
FedProx,16384,3,highest_validation_average_precision,80,result/splits_iid_scaling/splits_iid_16384_clients.json/FedProx/bestPRROC/run_3/model_round_80.pt,minimum_recall,0.42363959550857544,0.8,24660,14716,0.810282884783561,0.3914984500964275,0.8094532281043478,0.38702307817225573,2828,7196,14637,707,0.3332234343572737,0.8,0.6704071817890349,0.28212290502793297,0.41713990707279297,0.7352035908945175,5682,14767,28901,1387,0.3287202707179339,0.8037912010185316,0.6618347531373088,0.2778619981417184,0.41296605857983865,0.6816130240258589,0.7328129770779201,0.3381652468626912,0.19620879898146837,0.40303920216015926,338.1652468626912,25368,50737
FedProx,16384,4,highest_validation_average_precision,79,result/splits_iid_scaling/splits_iid_16384_clients.json/FedProx/bestPRROC/run_4/model_round_79_run_1.pt,mcc_optimal,0.6074913740158081,,24662,,0.8176228372619702,0.4022153710853568,0.8137389205187723,0.3989130321614607,2283,4202,17631,1252,0.35992361552104346,0.6458274398868459,0.807539046397655,0.3520431765612953,0.455688622754491,0.7266832431422504,4564,8651,35017,2505,0.35310487887100106,0.6456358749469515,0.8018915452963268,0.3453651153991676,0.450009859988168,0.7801210162209039,0.7237637101216392,0.19810845470367322,0.3543641250530485,0.26046080769458185,198.10845470367323,25368,50737
FedProx,16384,4,highest_validation_average_precision,79,result/splits_iid_scaling/splits_iid_16384_clients.json/FedProx/bestPRROC/run_4/model_round_79_run_1.pt,minimum_recall,0.4400680661201477,0.8,24662,15080,0.8176228372619702,0.4022153710853568,0.8137389205187723,0.3989130321614607,2828,6820,15013,707,0.3478530876330375,0.8,0.6876288187605918,0.29311774461028195,0.42903739664719714,0.7438144093802959,5643,13917,29751,1426,0.34120442183758576,0.7982741547602207,0.6812998076394614,0.2884969325153374,0.423823650906906,0.6975974141159311,0.739786981199841,0.3187001923605386,0.20172584523977932,0.3855174724559986,318.7001923605386,25368,50737
FedProx,16384,5,highest_validation_average_precision,80,result/splits_iid_scaling/splits_iid_16384_clients.json/FedProx/bestPRROC/run_5/model_round_80.pt,mcc_optimal,0.5926883816719055,,24664,,0.8165442563846651,0.3973456526386336,0.8123582740656089,0.3955649760250381,2377,4568,17265,1158,0.35974779129367407,0.6724186704384724,0.79077543168598,0.34226061915046796,0.4536259541984733,0.7315970510622262,4714,9397,34271,2355,0.3490614444137306,0.6668552836327628,0.7848080974626729,0.3340656225639572,0.44513692162417373,0.7683741648106904,0.7258316905477178,0.21519190253732712,0.3331447163672372,0.27812050377436587,215.1919025373271,25368,50737
FedProx,16384,5,highest_validation_average_precision,80,result/splits_iid_scaling/splits_iid_16384_clients.json/FedProx/bestPRROC/run_5/model_round_80.pt,minimum_recall,0.4569988548755646,0.8,24664,15106,0.8165442563846651,0.3973456526386336,0.8123582740656089,0.3955649760250381,2828,6794,15039,707,0.34888499861117195,0.8,0.6888196766362845,0.2939097900644357,0.42988523219578934,0.7444098383181423,5648,13862,29806,1421,0.34276774456649123,0.798981468383081,0.6825593111660713,0.28949256791389033,0.42499717822340943,0.6987799830498452,0.7407703897745761,0.31744068883392873,0.20101853161691896,0.3845319983444035,317.44068883392873,25368,50737
