strategy,scaling_point,run,checkpoint_selection,selected_round,selected_checkpoint,threshold_regime,selected_threshold,minimum_validation_recall_requirement,validation_candidate_threshold_count,validation_eligible_threshold_count,validation_roc_auc,validation_average_precision,test_roc_auc,test_average_precision,validation_tp,validation_fp,validation_tn,validation_fn,validation_mcc,validation_recall,validation_specificity,validation_precision,validation_f1,validation_balanced_accuracy,test_tp,test_fp,test_tn,test_fn,test_mcc,test_recall,test_specificity,test_precision,test_f1,test_accuracy,test_balanced_accuracy,test_false_positive_rate,test_false_negative_rate,test_predicted_positive_rate,test_false_positives_per_1000_negatives,validation_n_samples,test_n_samples
FedProx,2,1,highest_validation_average_precision,68,result/splits_iid_scaling/splits_iid_2_clients.json/FedProx/bestPRROC/run_1/model_round_68_run_1.pt,mcc_optimal,0.7341485619544983,,24650,,0.8298866456451509,0.4302828686968737,0.8247298109905354,0.4229288573074816,2322,3911,17922,1213,0.384298624939717,0.6568599717114568,0.8208674941602162,0.3725332905502968,0.4754299754299754,0.7388637329358365,4554,8037,35631,2515,0.3689160661388071,0.6442212477012307,0.8159521846661171,0.36168691922802,0.4632756866734486,0.7920255434889726,0.7300867161836739,0.1840478153338829,0.3557787522987693,0.2481620907818751,184.04781533388297,25368,50737
FedProx,2,2,highest_validation_average_precision,59,result/splits_iid_scaling/splits_iid_2_clients.json/FedProx/bestPRROC/run_2/model_round_59_run_2.pt,mcc_optimal,0.7698737978935242,,24665,,0.8295447809400028,0.4235253012079483,0.8255180571783858,0.423566687042638,2123,3223,18610,1412,0.3846173480223976,0.6005657708628006,0.8523794256400861,0.397119341563786,0.4780993131404121,0.7264725982514433,4147,6687,36981,2922,0.3663243331883036,0.5866459188003961,0.8468672712283595,0.3827764445264907,0.4632743115678936,0.810611585233656,0.7167565950143777,0.1531327287716405,0.4133540811996039,0.2135325305004237,153.13272877164053,25368,50737
FedProx,2,3,highest_validation_average_precision,66,result/splits_iid_scaling/splits_iid_2_clients.json/FedProx/bestPRROC/run_3/model_round_66_run_3.pt,mcc_optimal,0.7468857169151306,,24660,,0.8285010084587707,0.4239368074145647,0.8246580316482319,0.4256531967004091,2116,3326,18507,1419,0.3764763970224335,0.5985855728429986,0.8476617963633033,0.3888276368981992,0.4714269800601537,0.723123684603151,4183,6839,36829,2886,0.3653988948102357,0.5917385768849908,0.8433864614820922,0.3795136998729813,0.4624398872367475,0.8083252852947553,0.7175625191835415,0.1566135385179078,0.4082614231150092,0.2172379131600212,156.6135385179078,25368,50737
FedProx,2,4,highest_validation_average_precision,48,result/splits_iid_scaling/splits_iid_2_clients.json/FedProx/bestPRROC/run_4/model_round_48_run_4.pt,mcc_optimal,0.7297245860099792,,24662,,0.8296723598984732,0.4248222835077936,0.8251763330853298,0.4237455446770169,2238,3674,18159,1297,0.3807522112727934,0.6330975954738332,0.8317226217194156,0.378552097428958,0.473801206732296,0.7324101085966244,4441,7587,36081,2628,0.370071227190854,0.6282359598245862,0.8262572135201979,0.3692218157632191,0.4650992302455883,0.7986676390011235,0.7272465866723921,0.1737427864798021,0.3717640401754137,0.2370656522853144,173.7427864798021,25368,50737
FedProx,2,5,highest_validation_average_precision,70,result/splits_iid_scaling/splits_iid_2_clients.json/FedProx/bestPRROC/run_5/model_round_70_run_5.pt,mcc_optimal,0.7449365258216858,,24657,,0.8290626266727936,0.426752631141529,0.8256542897213874,0.4236173412919534,2149,3393,18440,1386,0.3792560090833112,0.6079207920792079,0.8445930472220949,0.3877661494045471,0.4735044618265946,0.7262569196506514,4244,6949,36719,2825,0.368482866501286,0.6003678030838874,0.8408674544288725,0.3791655498972572,0.464790274887745,0.8073595206653921,0.7206176287563799,0.1591325455711275,0.3996321969161126,0.2206082346216765,159.13254557112754,25368,50737
FedProx,4,1,highest_validation_average_precision,78,result/splits_iid_scaling/splits_iid_4_clients.json/FedProx/bestPRROC/run_1/model_round_78_run_1.pt,mcc_optimal,0.767267107963562,,24665,,0.8283738894660775,0.4202826775560057,0.8248404141860639,0.4231120219354891,2040,3099,18734,1495,0.3749376727978304,0.5770862800565771,0.8580589016626208,0.396964389959136,0.4703712243486281,0.7175725908595989,4078,6423,37245,2991,0.3673687246708411,0.576884990804923,0.8529128881560868,0.3883439672412151,0.4642003414911781,0.8144549342688767,0.7148989394805049,0.1470871118439132,0.423115009195077,0.2069692729172004,147.08711184391322,25368,50737
FedProx,4,2,highest_validation_average_precision,76,result/splits_iid_scaling/splits_iid_4_clients.json/FedProx/bestPRROC/run_2/model_round_76_run_2.pt,mcc_optimal,0.7535394430160522,,24658,,0.8271146262573991,0.4217177612910004,0.8244556257271313,0.4198781095111641,2061,3217,18616,1474,0.371702505661958,0.583026874115983,0.8526542389960152,0.3904888215233043,0.467718143651424,0.7178405565559991,4131,6683,36985,2938,0.3647346343275645,0.5843825152072429,0.8469588714848402,0.3820048085814684,0.4620030196275793,0.810375071446873,0.7156706933460415,0.1530411285151598,0.415617484792757,0.2131383408557857,153.04112851515984,25368,50737
FedProx,4,3,highest_validation_average_precision,73,result/splits_iid_scaling/splits_iid_4_clients.json/FedProx/bestPRROC/run_3/model_round_73_run_3.pt,mcc_optimal,0.7154876589775085,,24663,,0.8284823442136402,0.4256906867421978,0.825183683523226,0.4220090649784571,2345,4092,17741,1190,0.3787724654868633,0.6633663366336634,0.812577291256355,0.3643001398166848,0.4703168872843963,0.7379718139450092,4679,8461,35207,2390,0.3700567061443411,0.6619040882727402,0.806242557479161,0.3560882800608828,0.4630610124202088,0.7861324083016339,0.7340733228759506,0.193757442520839,0.3380959117272598,0.2589825965271892,193.75744252083905,25368,50737
FedProx,4,4,highest_validation_average_precision,76,result/splits_iid_scaling/splits_iid_4_clients.json/FedProx/bestPRROC/run_4/model_round_76_run_4.pt,mcc_optimal,0.7102178335189819,,24666,,0.8281822003480062,0.4167879083630771,0.8246688985693087,0.4185093567438713,2324,4055,17778,1211,0.3765198193681362,0.6574257425742575,0.8142719736179178,0.3643204263991221,0.4688319548113778,0.7358488580960876,4616,8319,35349,2453,0.3674674804534822,0.6529919366246993,0.8094943665842265,0.3568612292230382,0.4615076984603079,0.7876894573979542,0.7312431516044628,0.1905056334157735,0.3470080633753006,0.2549421526696493,190.50563341577353,25368,50737
FedProx,4,5,highest_validation_average_precision,74,result/splits_iid_scaling/splits_iid_4_clients.json/FedProx/bestPRROC/run_5/model_round_74_run_5.pt,mcc_optimal,0.7269212007522583,,24665,,0.8295779114327473,0.4243360654291033,0.8251802626054567,0.4230456047362351,2262,3800,18033,1273,0.3782967174902638,0.6398868458274399,0.8259515412449046,0.3731441768393269,0.4713973116598937,0.7329191935361723,4480,7817,35851,2589,0.3674815874974454,0.6337530060828972,0.8209901987725565,0.3643164999593397,0.4626665289682949,0.7949031278948302,0.7273716024277268,0.1790098012274434,0.3662469939171028,0.242367503005696,179.0098012274435,25368,50737
FedProx,8,1,highest_validation_average_precision,76,result/splits_iid_scaling/splits_iid_8_clients.json/FedProx/bestPRROC/run_1/model_round_76_run_1.pt,mcc_optimal,0.7226879596710205,,24662,,0.8265147207512136,0.41610791364416,0.8234168070311989,0.4187326729228307,2218,3620,18213,1317,0.3798111916583888,0.6274398868458274,0.8341959419227775,0.3799246317231928,0.4732742985170169,0.7308179143843024,4334,7485,36183,2735,0.3618386982162018,0.6130994482953742,0.8285930200604562,0.366697690159912,0.4589157136806438,0.7985690915899639,0.7208462341779152,0.1714069799395438,0.3869005517046258,0.232946370498847,171.4069799395438,25368,50737
FedProx,8,2,highest_validation_average_precision,80,result/splits_iid_scaling/splits_iid_8_clients.json/FedProx/bestPRROC/run_2/model_round_80_run_2.pt,mcc_optimal,0.6748619675636292,,24667,,0.8279372718108161,0.4201375940937478,0.8235525941421992,0.4172273997341264,2529,4895,16938,1006,0.3738907688872274,0.7154172560113154,0.7757981037878441,0.3406519396551724,0.4615384615384615,0.7456076798995798,5010,10042,33626,2059,0.3629475018347005,0.7087282501060971,0.7700375561051571,0.3328461334041988,0.4529632475927851,0.7614955555117567,0.7393829031056272,0.2299624438948428,0.2912717498939029,0.2966671265545854,229.9624438948429,25368,50737
FedProx,8,3,highest_validation_average_precision,80,result/splits_iid_scaling/splits_iid_8_clients.json/FedProx/bestPRROC/run_3/model_round_80_run_3.pt,mcc_optimal,0.7290055155754089,,24666,,0.8274156187922841,0.420759048181852,0.8230526445035512,0.417321563324435,2233,3676,18157,1302,0.3795856273386612,0.6316831683168317,0.8316310172674392,0.3778981215095617,0.4728928420160949,0.7316570927921354,4383,7581,36087,2686,0.364172342662638,0.6200311217994059,0.826394613904919,0.3663490471414243,0.4605684863132454,0.7976427459250646,0.7232128678521624,0.173605386095081,0.3799688782005941,0.2358042454224727,173.60538609508103,25368,50737
FedProx,8,4,highest_validation_average_precision,80,result/splits_iid_scaling/splits_iid_8_clients.json/FedProx/bestPRROC/run_4/model_round_80_run_4.pt,mcc_optimal,0.7356060147285461,,24653,,0.8259077214066322,0.4120217979076694,0.8221590398795174,0.4112789681487118,2175,3613,18220,1360,0.3711871185563389,0.6152758132956153,0.8345165575046948,0.3757774706288873,0.4665880081518824,0.724896185400155,4320,7394,36274,2749,0.3630524585743648,0.6111189701513651,0.8306769258953925,0.368789482670309,0.4599904168663153,0.8000867217218204,0.7208979480233788,0.1693230741046074,0.3888810298486349,0.2308768748644973,169.32307410460746,25368,50737
FedProx,8,5,highest_validation_average_precision,79,result/splits_iid_scaling/splits_iid_8_clients.json/FedProx/bestPRROC/run_5/model_round_79_run_5.pt,mcc_optimal,0.6974990963935852,,24658,,0.8255619048828347,0.4122605967776474,0.8225206529163656,0.4147149037177007,2413,4433,17400,1122,0.374139135283087,0.6826025459688826,0.7969587321943846,0.3524685947998831,0.4648877757441479,0.7397806390816336,4774,9102,34566,2295,0.3627229305535737,0.6753430471070873,0.7915636163781259,0.3440472758720092,0.4558605872523275,0.7753710310030155,0.7334533317426066,0.2084363836218741,0.3246569528929127,0.2734887754498689,208.4363836218741,25368,50737
FedProx,16,1,highest_validation_average_precision,80,result/splits_iid_scaling/splits_iid_16_clients.json/FedProx/bestPRROC/run_1/model_round_80_run_1.pt,mcc_optimal,0.743622362613678,,24663,,0.8226536125355833,0.4097268289239731,0.8194918076340709,0.4061200147892359,2146,3529,18304,1389,0.3701672009403636,0.6070721357850071,0.8383639444877021,0.3781497797356828,0.4660152008686211,0.7227180401363547,4250,7297,36371,2819,0.3585444718229573,0.6012165794313199,0.8328982321150499,0.3680609682168528,0.4565964761495488,0.8006188777420817,0.7170574057731849,0.1671017678849501,0.3987834205686801,0.2275853913317697,167.10176788495014,25368,50737
FedProx,16,2,highest_validation_average_precision,80,result/splits_iid_scaling/splits_iid_16_clients.json/FedProx/bestPRROC/run_2/model_round_80_run_2.pt,mcc_optimal,0.708765983581543,,24660,,0.8242248361954974,0.4071618440844702,0.8196339490350375,0.4056982433777988,2331,4114,17719,1204,0.3746651972169162,0.6594059405940594,0.811569642284615,0.3616757176105508,0.4671342685370741,0.7354877914393372,4595,8485,35183,2474,0.3607667037278394,0.6500212194086858,0.8056929559402767,0.3512996941896024,0.4561020398034642,0.7840037842205885,0.7278570876744812,0.1943070440597233,0.3499787805913141,0.2578000275932751,194.30704405972332,25368,50737
FedProx,16,3,highest_validation_average_precision,80,result/splits_iid_scaling/splits_iid_16_clients.json/FedProx/bestPRROC/run_3/model_round_80_run_3.pt,mcc_optimal,0.695783257484436,,24661,,0.8223106270687528,0.4057236480425696,0.8195998127462177,0.4030175272490826,2427,4572,17261,1108,0.3697007159951359,0.6865629420084866,0.7905922227820272,0.3467638234033433,0.4607936206569204,0.738577582395257,4815,9456,34212,2254,0.357823279615183,0.6811430188145424,0.7834569936795823,0.3373975194450284,0.451265229615745,0.7692019630644303,0.7323000062470624,0.2165430063204176,0.3188569811854576,0.2812740209314701,216.54300632041767,25368,50737
FedProx,16,4,highest_validation_average_precision,79,result/splits_iid_scaling/splits_iid_16_clients.json/FedProx/bestPRROC/run_4/model_round_79_run_4.pt,mcc_optimal,0.671056866645813,,24662,,0.8242936172751745,0.4118464207802103,0.8190986158979664,0.4029235881069995,2405,4541,17292,1130,0.3668436338138054,0.6803394625176803,0.7920120917876609,0.3462424416930607,0.4589256750310085,0.7361757771526706,4835,9460,34208,2234,0.3597478820931802,0.6839722733059839,0.7833653934231016,0.3382301504022385,0.4526305935218124,0.7695173147801407,0.7336688333645427,0.2166346065768983,0.3160277266940161,0.2817470485050358,216.63460657689836,25368,50737
FedProx,16,5,highest_validation_average_precision,80,result/splits_iid_scaling/splits_iid_16_clients.json/FedProx/bestPRROC/run_5/model_round_80_run_5.pt,mcc_optimal,0.6766676902770996,,24655,,0.8238048874408677,0.4093490451957324,0.8191445618039527,0.4066352038908285,2481,4791,17042,1054,0.3694373057173712,0.7018387553041019,0.7805615352906151,0.3411716171617162,0.4591468492643656,0.7412001452973584,4918,9855,33813,2151,0.3582788355450562,0.6957136794454661,0.7743198680956307,0.3329046232992622,0.4503250618075268,0.7633679563237874,0.7350167737705484,0.2256801319043693,0.3042863205545338,0.2911681810118848,225.68013190436932,25368,50737
FedProx,32,1,highest_validation_average_precision,80,result/splits_iid_scaling/splits_iid_32_clients.json/FedProx/bestPRROC/run_1/model_round_80_run_1.pt,mcc_optimal,0.69876629114151,,24661,,0.8192526255785931,0.4027263479305578,0.8148620489641403,0.3944154739754708,2364,4347,17486,1171,0.3687236023898366,0.6687411598302687,0.8008977236293684,0.3522574877067501,0.4614483700956471,0.7348194417298186,4659,9040,34628,2410,0.3526036865024459,0.6590748337812986,0.7929834203535769,0.3400978173589313,0.448671032357473,0.7743264284447248,0.7260291270674377,0.207016579646423,0.3409251662187014,0.2700001970948223,207.01657964642305,25368,50737
FedProx,32,2,highest_validation_average_precision,80,result/splits_iid_scaling/splits_iid_32_clients.json/FedProx/bestPRROC/run_2/model_round_80_run_2.pt,mcc_optimal,0.6930774450302124,,24662,,0.8185999406190659,0.3924092338297382,0.8126381900141778,0.3856964143394734,2345,4398,17435,1190,0.3621188411609288,0.6633663366336634,0.7985618101039711,0.3477680557615304,0.4563144580657715,0.7309640733688172,4645,9209,34459,2424,0.3468142688760486,0.6570943556372896,0.7891133095172667,0.3352822289591454,0.4440089853271519,0.7707195931962867,0.7231038325772781,0.2108866904827333,0.3429056443627104,0.2730551668407671,210.88669048273337,25368,50737
FedProx,32,3,highest_validation_average_precision,24,result/splits_iid_scaling/splits_iid_32_clients.json/FedProx/bestPRROC/run_3/model_round_24_run_3.pt,mcc_optimal,0.3554819226264953,,24661,,0.8076698904653047,0.3956276404814719,0.8056273429966226,0.3934363567731626,2396,4850,16983,1139,0.3493277883768539,0.6777934936350778,0.7778592039573123,0.3306651945901186,0.4444856692329098,0.7278263487961951,4815,9930,33738,2254,0.3460568746810577,0.6811430188145424,0.7726023632866172,0.3265513733468972,0.4414596130925094,0.7598596684865089,0.7268726910505798,0.2273976367133827,0.3188569811854576,0.2906163155093915,227.39763671338275,25368,50737
FedProx,32,4,highest_validation_average_precision,80,result/splits_iid_scaling/splits_iid_32_clients.json/FedProx/bestPRROC/run_4/model_round_80_run_4.pt,mcc_optimal,0.729727029800415,,24671,,0.8169191608850803,0.396409141432566,0.8141657399413387,0.3895219835999204,2184,3798,18035,1351,0.3621053474437693,0.6178217821782178,0.8260431456968809,0.3650952858575727,0.4589681622359987,0.7219324639375493,4320,7795,35873,2749,0.3513832769616349,0.6111189701513651,0.8214940001832005,0.3565827486586875,0.4503753127606338,0.7921832193468278,0.7163064851672828,0.1785059998167995,0.3888810298486349,0.2387803772394899,178.5059998167995,25368,50737
FedProx,32,5,highest_validation_average_precision,80,result/splits_iid_scaling/splits_iid_32_clients.json/FedProx/bestPRROC/run_5/model_round_80_run_5.pt,mcc_optimal,0.6858153343200684,,24656,,0.8156826756999628,0.3863222451013643,0.8106416390638125,0.3839291322393086,2400,4605,17228,1135,0.3625156421532137,0.6789250353606789,0.7890807493244172,0.3426124197002141,0.4554079696394686,0.7340028923425481,4722,9526,34142,2347,0.3466264658098214,0.6679869854293393,0.7818539891911698,0.331414935429534,0.4430266923113008,0.7659893174606303,0.7249204873102546,0.2181460108088302,0.3320130145706607,0.2808207028401364,218.14601080883023,25368,50737
FedProx,64,1,highest_validation_average_precision,80,result/splits_iid_scaling/splits_iid_64_clients.json/FedProx/bestPRROC/run_1/model_round_80_run_1.pt,mcc_optimal,0.7435513734817505,,24662,,0.8180394302099433,0.3999735499856555,0.813327679877979,0.3939595696884104,2085,3385,18448,1450,0.3661155648357922,0.5898161244695899,0.8449594650300004,0.3811700182815356,0.4630760688506385,0.7173877947497951,4058,7024,36644,3011,0.3463130686683519,0.5740557363134814,0.8391499496198589,0.3661793900018047,0.4471378987383615,0.8022153458028658,0.7066028429666702,0.1608500503801411,0.4259442636865186,0.2184204820939354,160.8500503801411,25368,50737
FedProx,64,2,highest_validation_average_precision,80,result/splits_iid_scaling/splits_iid_64_clients.json/FedProx/bestPRROC/run_2/model_round_80_run_2.pt,mcc_optimal,0.7203483581542969,,24655,,0.8155746290910474,0.3890182583144608,0.8125394353098813,0.3890866325511925,2192,3946,17887,1343,0.3552697686400142,0.6200848656294201,0.8192644162506297,0.3571195829260345,0.4532203039387987,0.719674640940025,4360,8072,35596,2709,0.3477554367398132,0.6167774791342481,0.8151506824219108,0.3507078507078507,0.4471565560740475,0.787512072057867,0.7159640807780794,0.1848493175780892,0.3832225208657519,0.2450282831070027,184.8493175780892,25368,50737
FedProx,64,3,highest_validation_average_precision,80,result/splits_iid_scaling/splits_iid_64_clients.json/FedProx/bestPRROC/run_3/model_round_80_run_3.pt,mcc_optimal,0.6758575439453125,,24653,,0.8155643543625584,0.3935436052171677,0.81291404038339,0.3898156687295678,2496,5018,16815,1039,0.3612266824927285,0.7060820367751061,0.7701644299912975,0.3321799307958477,0.4518055932663589,0.7381232333832017,4952,10315,33353,2117,0.3505585235091418,0.7005234120809167,0.7637858386003481,0.3243597301368965,0.4434097421203438,0.7549717168929972,0.7321546253406324,0.2362141613996519,0.2994765879190832,0.3009046652344443,236.2141613996519,25368,50737
FedProx,64,4,highest_validation_average_precision,80,result/splits_iid_scaling/splits_iid_64_clients.json/FedProx/bestPRROC/run_4/model_round_80_run_4.pt,mcc_optimal,0.6695119738578796,,24656,,0.8185236381271721,0.3974783006401869,0.8115444957154494,0.3828387867596171,2500,4997,16836,1035,0.3630528090546099,0.7072135785007072,0.7711262767370494,0.3334667200213418,0.4532269760696156,0.7391699276188783,4985,10374,33294,2084,0.3524614062833142,0.7051916819917952,0.7624347348172575,0.3245654013933198,0.444533618690922,0.7544592703549677,0.7338132084045264,0.2375652651827424,0.2948083180082048,0.3027179375997793,237.56526518274245,25368,50737
FedProx,64,5,highest_validation_average_precision,80,result/splits_iid_scaling/splits_iid_64_clients.json/FedProx/bestPRROC/run_5/model_round_80_run_5.pt,mcc_optimal,0.6828206777572632,,24662,,0.8184720960465551,0.3997065380556939,0.8143853735524934,0.3922716183277481,2410,4702,17131,1125,0.3595867301564614,0.6817538896746818,0.7846379334035634,0.3388638920134983,0.4527096834789142,0.7331959115391226,4794,9505,34163,2275,0.3544597771883823,0.6781723015985288,0.7823348905376935,0.3352682005734667,0.4487083489329839,0.7678222993081971,0.7302535960681111,0.2176651094623065,0.3218276984014712,0.2818258864339634,217.66510946230656,25368,50737
FedProx,128,1,highest_validation_average_precision,80,result/splits_iid_scaling/splits_iid_128_clients.json/FedProx/bestPRROC/run_1/model_round_80_run_1.pt,mcc_optimal,0.6847289204597473,,24661,,0.8187381117471956,0.3943747682571373,0.8135827812146987,0.3876626104592577,2366,4542,17291,1169,0.3588538793912967,0.6693069306930693,0.7919662895616727,0.342501447596989,0.453126496217562,0.730636610127371,4688,9277,34391,2381,0.3494630367501968,0.6631772527938888,0.7875561051570944,0.3356963838166846,0.4457544927260625,0.7702268561404891,0.7253666789754916,0.2124438948429056,0.3368227472061111,0.2752429193685082,212.4438948429056,25368,50737
FedProx,128,2,highest_validation_average_precision,80,result/splits_iid_scaling/splits_iid_128_clients.json/FedProx/bestPRROC/run_2/model_round_80_run_2.pt,mcc_optimal,0.6354466676712036,,24651,,0.8171437084034647,0.3917727833960872,0.8134260345033508,0.3897850438969079,2639,5628,16205,896,0.3611287847770118,0.7465346534653465,0.742225072138506,0.3192209991532599,0.4472123368920522,0.7443798628019263,5230,11603,32065,1839,0.3487077183776964,0.7398500495119535,0.7342905560135569,0.3106992217667677,0.4376202828215212,0.7350651398387764,0.7370703027627552,0.2657094439864431,0.2601499504880464,0.3317697144096024,265.70944398644315,25368,50737
FedProx,128,3,highest_validation_average_precision,80,result/splits_iid_scaling/splits_iid_128_clients.json/FedProx/bestPRROC/run_3/model_round_80_run_3.pt,mcc_optimal,0.7089589834213257,,24650,,0.8173241704695364,0.397977047119843,0.8141732993273375,0.3931392879314652,2239,3981,17852,1296,0.3630875227401061,0.6333804809052334,0.8176613383410434,0.359967845659164,0.459046642747309,0.7255209096231383,4472,8220,35448,2597,0.3553072215395584,0.6326213042863206,0.8117614729321242,0.3523479357075323,0.4526086736501189,0.7868025306975186,0.7221913886092224,0.1882385270678758,0.3673786957136794,0.2501527484872972,188.2385270678758,25368,50737
FedProx,128,4,highest_validation_average_precision,80,result/splits_iid_scaling/splits_iid_128_clients.json/FedProx/bestPRROC/run_4/model_round_80_run_4.pt,mcc_optimal,0.6491464376449585,,24661,,0.8203965669450064,0.3970801341496986,0.8153283563385517,0.3948631577478567,2592,5290,16543,943,0.3673846763630928,0.7332390381895333,0.7577062245225118,0.3288505455468155,0.4540597354821757,0.7454726313560225,5071,10765,32903,1998,0.3518768778158941,0.7173574763049936,0.7534808097462673,0.3202197524627431,0.4427854180309976,0.7484478782742378,0.7354191430256305,0.2465191902537327,0.2826425236950064,0.3121193606243964,246.5191902537327,25368,50737
FedProx,128,5,highest_validation_average_precision,80,result/splits_iid_scaling/splits_iid_128_clients.json/FedProx/bestPRROC/run_5/model_round_80_run_5.pt,mcc_optimal,0.7024050354957581,,24656,,0.8197283208897473,0.4035696980059137,0.8142534009591762,0.3902605288139631,2349,4271,17562,1186,0.369745997750781,0.6644978783592645,0.8043786928044703,0.354833836858006,0.462629246676514,0.7344382855818674,4619,8946,34722,2450,0.3509586217009833,0.6534163247984156,0.7951360263808739,0.3405086619977884,0.4477076669574488,0.7753907404852475,0.7242761755896447,0.2048639736191261,0.3465836752015844,0.2673591264757475,204.8639736191261,25368,50737
FedProx,256,1,highest_validation_average_precision,80,result/splits_iid_scaling/splits_iid_256_clients.json/FedProx/bestPRROC/run_1/model_round_80_run_1.pt,mcc_optimal,0.7015317678451538,,24660,,0.8189094004112871,0.3975044751468455,0.813472252527796,0.3953144229753979,2323,4264,17569,1212,0.3647890632389479,0.6571428571428571,0.8046993083863876,0.3526643388492485,0.4590001975894092,0.7309210827646224,4573,8822,34846,2496,0.3494925640954008,0.6469090394681002,0.7979756343317761,0.3413960432997387,0.446931196247068,0.7769280800993358,0.7224423368999382,0.2020243656682239,0.3530909605318998,0.2640085144963242,202.0243656682239,25368,50737
FedProx,256,2,highest_validation_average_precision,80,result/splits_iid_scaling/splits_iid_256_clients.json/FedProx/bestPRROC/run_2/model_round_80_run_2.pt,mcc_optimal,0.6941445469856262,,24662,,0.816231175171747,0.3943569749078178,0.8124154270407454,0.3848555122207955,2339,4464,17369,1196,0.3574105912532131,0.6616690240452616,0.795538863188751,0.3438189034249596,0.4525053201779841,0.7286039436170063,4676,9174,34494,2393,0.3508773720453637,0.6614797000990239,0.7899148117614729,0.3376173285198556,0.4470576987427697,0.7720204190235922,0.7256972559302484,0.210085188238527,0.3385202999009761,0.2729763289118395,210.08518823852705,25368,50737
FedProx,256,3,highest_validation_average_precision,80,result/splits_iid_scaling/splits_iid_256_clients.json/FedProx/bestPRROC/run_3/model_round_80_run_3.pt,mcc_optimal,0.6361849308013916,,24660,,0.816861548551882,0.3880225225200348,0.8111992178849001,0.3853267774943458,2658,5783,16050,877,0.3579520245870537,0.751909476661952,0.7351257271103375,0.3148916005212652,0.4438877755511022,0.7435176018861447,5244,11871,31797,1825,0.3442257602783465,0.7418305276559627,0.7281533388293487,0.3063978965819456,0.4336751571286801,0.7300589313518734,0.7349919332426558,0.2718466611706512,0.2581694723440373,0.3373277883989987,271.84666117065126,25368,50737
FedProx,256,4,highest_validation_average_precision,20,result/splits_iid_scaling/splits_iid_256_clients.json/FedProx/bestPRROC/run_4/model_round_20_run_4.pt,mcc_optimal,0.4670514166355133,,24665,,0.8108270307764397,0.4024579325635633,0.8039569778513587,0.3916690002765529,2206,3964,17869,1329,0.357173827017429,0.6240452616690241,0.8184399761828425,0.3575364667747163,0.4546110252447192,0.7212426189259333,4354,8312,35356,2715,0.3405088521050106,0.6159287027868157,0.8096546670330677,0.3437549344702352,0.4412465163415252,0.7826635394288192,0.7127916849099416,0.1903453329669323,0.3840712972131843,0.2496403019492677,190.34533296693235,25368,50737
FedProx,256,5,highest_validation_average_precision,80,result/splits_iid_scaling/splits_iid_256_clients.json/FedProx/bestPRROC/run_5/model_round_80_run_5.pt,mcc_optimal,0.7185571193695068,,24657,,0.820278323348297,0.4015384849951565,0.8145785420237655,0.3951150788546672,2224,3901,17932,1311,0.3645195545481102,0.6291371994342292,0.821325516420098,0.3631020408163265,0.460455486542443,0.7252313579271636,4361,7968,35700,2708,0.3507736007956128,0.6169189418588202,0.8175322890904094,0.3537188741990429,0.4496339828848334,0.7895815676922168,0.7172256154746148,0.1824677109095905,0.3830810581411797,0.2429982064371169,182.46771090959055,25368,50737
FedProx,512,1,highest_validation_average_precision,80,result/splits_iid_scaling/splits_iid_512_clients.json/FedProx/bestPRROC/run_1/model_round_80_run_1.pt,mcc_optimal,0.7432970404624939,,24656,,0.8189803064032872,0.3959681819326499,0.8159682072601386,0.3994530477205907,2089,3424,18409,1446,0.3645298640368309,0.5909476661951909,0.8431731782164613,0.3789225467077816,0.4617595048629531,0.7170604222058261,4146,7106,36562,2923,0.3532374015878737,0.586504456075824,0.8372721443620043,0.3684678279416992,0.4525953823481251,0.8023336026962572,0.7118883002189141,0.1627278556379957,0.413495543924176,0.2217710940733586,162.72785563799573,25368,50737
FedProx,512,2,highest_validation_average_precision,80,result/splits_iid_scaling/splits_iid_512_clients.json/FedProx/bestPRROC/run_2/model_round_80_run_2.pt,mcc_optimal,0.7285983562469482,,24660,,0.8190745929092323,0.3982953512024718,0.8148502766012865,0.3919539149293096,2188,3753,18080,1347,0.3655798271040919,0.618953323903819,0.8281042458663491,0.3682881669752567,0.4617982271000422,0.723528784885084,4326,7726,35942,2743,0.353989856606496,0.6119677464987976,0.8230741046074929,0.3589445735147693,0.4524867946237121,0.7936614305142204,0.7175209255531452,0.1769258953925071,0.3880322535012024,0.2375386798588801,176.92589539250713,25368,50737
FedProx,512,3,highest_validation_average_precision,80,result/splits_iid_scaling/splits_iid_512_clients.json/FedProx/bestPRROC/run_3/model_round_80_run_3.pt,mcc_optimal,0.6385380029678345,,24661,,0.8149028328773951,0.388077452861853,0.8124470770091222,0.3907313155692133,2593,5541,16292,942,0.3559629407986984,0.7335219236209335,0.7462098657994779,0.3187853454634866,0.4444254006341588,0.7398658947102057,5143,11286,32382,1926,0.3471490825169077,0.7275427924741831,0.7415498763396537,0.3130440075476292,0.4377393820750702,0.7395983207521138,0.7345463344069184,0.2584501236603462,0.2724572075258169,0.3238070835879141,258.45012366034626,25368,50737
FedProx,512,4,highest_validation_average_precision,80,result/splits_iid_scaling/splits_iid_512_clients.json/FedProx/bestPRROC/run_4/model_round_80_run_4.pt,mcc_optimal,0.6807673573493958,,24657,,0.817846270497063,0.3913186655685344,0.811816131488054,0.3850947232953914,2427,4679,17154,1108,0.3642005447918756,0.6865629420084866,0.7856913846012916,0.3415423585702223,0.4561601353256272,0.7361271633048891,4812,9663,34005,2257,0.3523301831613429,0.6807186306408262,0.7787166804067052,0.3324352331606217,0.4467137021908652,0.7650629717957309,0.7297176555237657,0.2212833195932948,0.3192813693591738,0.2852947553067781,221.28331959329483,25368,50737
FedProx,512,5,highest_validation_average_precision,80,result/splits_iid_scaling/splits_iid_512_clients.json/FedProx/bestPRROC/run_5/model_round_80_run_5.pt,mcc_optimal,0.6788997054100037,,24657,,0.818140046104119,0.3975370397564206,0.8154501277291653,0.3945304371197761,2405,4593,17240,1130,0.3641496158656589,0.6803394625176803,0.7896303760362754,0.3436696198913975,0.4566600208867369,0.7349849192769778,4756,9367,34301,2313,0.354091642772368,0.6727967180647899,0.7854950993862783,0.3367556468172484,0.4488486221215553,0.7697932475313873,0.7291459087255341,0.2145049006137217,0.3272032819352101,0.2783570175611486,214.50490061372173,25368,50737
FedProx,1024,1,highest_validation_average_precision,80,result/splits_iid_scaling/splits_iid_1024_clients.json/FedProx/bestPRROC/run_1/model_round_80_run_1.pt,mcc_optimal,0.7034011483192444,,24659,,0.8168896647698154,0.3980477272814856,0.8141374558191385,0.3911467567939234,2272,4166,17667,1263,0.3596221639621177,0.6427157001414427,0.8091879265332295,0.3529046287666977,0.4556302015441693,0.7259518133373362,4534,8633,35035,2535,0.3504950468881794,0.6413919932097892,0.8023037464504901,0.3443457127667654,0.4481122751531923,0.7798845024341211,0.7218478698301396,0.1976962535495099,0.3586080067902107,0.2595147525474506,197.69625354950992,25368,50737
FedProx,1024,2,highest_validation_average_precision,80,result/splits_iid_scaling/splits_iid_1024_clients.json/FedProx/bestPRROC/run_2/model_round_80_run_2.pt,mcc_optimal,0.7007927894592285,,24656,,0.8170297016746189,0.3982225075775219,0.8143016614918159,0.3953100014120921,2275,4165,17668,1260,0.3602970454276882,0.6435643564356436,0.8092337287592177,0.3532608695652174,0.4561403508771929,0.7263990425974307,4516,8496,35172,2553,0.352320019755507,0.6388456641674919,0.8054410552349547,0.3470642483861051,0.4497783974901648,0.7822299308197174,0.7221433597012232,0.1945589447650453,0.3611543358325081,0.2564597828015058,194.5589447650453,25368,50737
FedProx,1024,3,highest_validation_average_precision,80,result/splits_iid_scaling/splits_iid_1024_clients.json/FedProx/bestPRROC/run_3/model_round_80_run_3.pt,mcc_optimal,0.6701256036758423,,24665,,0.8166489860572712,0.3964094813985827,0.8139576875622156,0.393315973487065,2410,4702,17131,1125,0.3595867301564614,0.6817538896746818,0.7846379334035634,0.3388638920134983,0.4527096834789142,0.7331959115391226,4807,9575,34093,2262,0.3540200524840337,0.6800113170179658,0.7807318860492809,0.3342372409956891,0.4481842338352524,0.7666988588209788,0.7303716015336233,0.2192681139507191,0.3199886829820342,0.2834617734592112,219.2681139507191,25368,50737
FedProx,1024,4,highest_validation_average_precision,80,result/splits_iid_scaling/splits_iid_1024_clients.json/FedProx/bestPRROC/run_4/model_round_80_run_4.pt,mcc_optimal,0.656067430973053,,24664,,0.8190794322674803,0.3960693871517939,0.8154369915345114,0.3983665472272192,2495,4956,16877,1040,0.3640563750356526,0.7057991513437057,0.7730041680025649,0.3348543819621527,0.4542144547606044,0.7394016596731353,4939,10237,33431,2130,0.3511178731951286,0.6986843966614797,0.765572043601722,0.3254480759093305,0.4440548437851203,0.7562528332380708,0.7321282201316008,0.2344279563982779,0.3013156033385202,0.2991111023513412,234.42795639827796,25368,50737
FedProx,1024,5,highest_validation_average_precision,80,result/splits_iid_scaling/splits_iid_1024_clients.json/FedProx/bestPRROC/run_5/model_round_80_run_5.pt,mcc_optimal,0.6521395444869995,,24659,,0.8199883635136747,0.4008752683449771,0.8143652983371372,0.3988503542868803,2522,5042,16791,1013,0.3652718401878788,0.7134370579915135,0.7690651765675812,0.3334214701216287,0.4544553563384089,0.7412511172795473,4979,10388,33280,2090,0.3515282383550015,0.7043429056443627,0.7621141339195749,0.3240059868549489,0.4438402567302549,0.7540650807103297,0.7332285197819688,0.237885866080425,0.2956570943556372,0.3028756134576345,237.88586608042505,25368,50737
FedProx,2048,1,highest_validation_average_precision,80,result/splits_iid_scaling/splits_iid_2048_clients.json/FedProx/bestPRROC/run_1/model_round_80_run_1.pt,mcc_optimal,0.6798362731933594,,24664,,0.8190359363487697,0.3949228475907166,0.8162325071726215,0.3939299800343866,2376,4417,17416,1159,0.3674468217264283,0.6721357850070722,0.7976915678101956,0.3497718239364051,0.4601084430673896,0.7349136764086339,4749,9129,34539,2320,0.3594790096945107,0.6718064789927854,0.790945314646881,0.3421962818849978,0.4534300854537643,0.7743461379269566,0.7313758968198332,0.209054685353119,0.3281935210072145,0.2735281944143327,209.054685353119,25368,50737
FedProx,2048,2,highest_validation_average_precision,80,result/splits_iid_scaling/splits_iid_2048_clients.json/FedProx/bestPRROC/run_2/model_round_80_run_1.pt,mcc_optimal,0.7162085175514221,,24658,,0.8178953119186656,0.3944830700211224,0.8139914270116159,0.3927592697887154,2177,3763,18070,1358,0.3626818575546462,0.6158415841584158,0.8276462236064672,0.3664983164983165,0.4595250659630607,0.7217439038824416,4345,7840,35828,2724,0.3527219618955874,0.614655538265667,0.8204634972977924,0.3565859663520722,0.4513347875766074,0.7917890297021897,0.7175595177817298,0.1795365027022075,0.385344461734333,0.240160040995723,179.53650270220754,25368,50737
FedProx,2048,3,highest_validation_average_precision,80,result/splits_iid_scaling/splits_iid_2048_clients.json/FedProx/bestPRROC/run_3/model_round_80_run_1.pt,mcc_optimal,0.6808499097824097,,24662,,0.8148165277494439,0.3836956706429219,0.8126793819458966,0.3854682266645815,2375,4607,17226,1160,0.357330396244494,0.6718528995756718,0.7889891448724408,0.3401604124892581,0.4516497099933441,0.7304210222240564,4712,9428,34240,2357,0.3480746351257454,0.6665723581836186,0.7840981954749473,0.3332390381895332,0.444339667122448,0.7677237518970377,0.7253352768292829,0.2159018045250527,0.3334276418163814,0.278692078759091,215.9018045250527,25368,50737
FedProx,2048,4,highest_validation_average_precision,80,result/splits_iid_scaling/splits_iid_2048_clients.json/FedProx/bestPRROC/run_4/model_round_80_run_1.pt,mcc_optimal,0.7095838785171509,,24660,,0.8173759069018902,0.3983607296431277,0.8125183072552495,0.3882001397837702,2237,4014,17819,1298,0.3608102542593932,0.6328147100424328,0.8161498648834333,0.3578627419612862,0.4571837318618434,0.7244822874629331,4406,8330,35338,2663,0.3454300043624934,0.6232847644645636,0.8092424658789045,0.3459484924623116,0.4449381469325927,0.7833336618247039,0.7162636151717341,0.1907575341210955,0.3767152355354364,0.2510199657055009,190.75753412109552,25368,50737
FedProx,2048,5,highest_validation_average_precision,80,result/splits_iid_scaling/splits_iid_2048_clients.json/FedProx/bestPRROC/run_5/model_round_80_run_1.pt,mcc_optimal,0.6943633556365967,,24663,,0.8164559818257804,0.3919954883433448,0.814775521773215,0.3923167545637069,2305,4337,17496,1230,0.3571637477810724,0.652050919377652,0.8013557458892502,0.3470340258958145,0.4529822147980741,0.7267033326334511,4640,9015,34653,2429,0.3513101354080789,0.6563870420144292,0.7935559219565815,0.3398022702306847,0.4477900019301293,0.7744446853381162,0.7249714819855053,0.2064440780434184,0.3436129579855708,0.2691329798766186,206.44407804341847,25368,50737
FedProx,4096,1,highest_validation_average_precision,79,result/splits_iid_scaling/splits_iid_4096_clients.json/FedProx/bestPRROC/run_1/model_round_79_run_1.pt,mcc_optimal,0.6882495284080505,,24659,,0.8182798173948821,0.3963851530470118,0.8127977032631915,0.3862222493543854,2299,4226,17607,1236,0.3619144759830747,0.6503536067892504,0.8064397929739385,0.3523371647509578,0.4570576540755467,0.7283966998815945,4544,8713,34955,2525,0.3493934463224898,0.64280662045551,0.8004717413208757,0.3427623142490759,0.4471120732067303,0.7785048386778879,0.7216391808881928,0.1995282586791242,0.35719337954449,0.2612886059483217,199.52825867912424,25368,50737
FedProx,4096,2,highest_validation_average_precision,80,result/splits_iid_scaling/splits_iid_4096_clients.json/FedProx/bestPRROC/run_2/model_round_80_run_1.pt,mcc_optimal,0.6451794505119324,,24658,,0.8161006226317026,0.3964692103023485,0.8151132110622167,0.3938078479580259,2512,5037,16796,1023,0.3635113319296441,0.7106082036775107,0.7692941876975221,0.3327593058683269,0.4532659689642728,0.7399511956875164,4984,10299,33369,2085,0.3541473482796459,0.7050502192672231,0.764152239626271,0.3261139828567689,0.4459556191839656,0.7559177720401286,0.734601229446747,0.235847760373729,0.2949497807327769,0.3012200169501547,235.84776037372905,25368,50737
FedProx,4096,3,highest_validation_average_precision,80,result/splits_iid_scaling/splits_iid_4096_clients.json/FedProx/bestPRROC/run_3/model_round_80_run_1.pt,mcc_optimal,0.6607438325881958,,24655,,0.8153253146829951,0.3964027524454906,0.8131572899893722,0.3939504591391929,2389,4698,17135,1146,0.3555303081692985,0.6758132956152758,0.7848211423075161,0.3370960914350219,0.4498211259649783,0.730317218961396,4785,9601,34067,2284,0.3511417609499317,0.6768991370773801,0.7801364843821563,0.3326150424023356,0.4460498718247495,0.7657528036738475,0.7285178107297683,0.2198635156178436,0.3231008629226198,0.2835406113881388,219.8635156178437,25368,50737
FedProx,4096,4,highest_validation_average_precision,62,result/splits_iid_scaling/splits_iid_4096_clients.json/FedProx/bestPRROC/run_4/model_round_62_run_1.pt,mcc_optimal,0.6908923983573914,,24656,,0.8183639716969454,0.4006424460562066,0.8146727792376933,0.3994858572572837,2412,4661,17172,1123,0.3620794322464051,0.6823196605374823,0.7865158246690789,0.3410151279513643,0.4547511312217194,0.7344177426032805,4791,9589,34079,2278,0.3520493841688338,0.6777479134248126,0.7804112851515984,0.3331710709318498,0.4467341134784838,0.7661075743540218,0.7290795992882055,0.2195887148484016,0.3222520865751874,0.2834223544947474,219.5887148484016,25368,50737
FedProx,4096,5,highest_validation_average_precision,80,result/splits_iid_scaling/splits_iid_4096_clients.json/FedProx/bestPRROC/run_5/model_round_80_run_1.pt,mcc_optimal,0.7088867425918579,,24657,,0.8178428045577555,0.3952379518287032,0.8121925474451167,0.3881734048127951,2178,3794,18039,1357,0.3610790324014177,0.6161244695898161,0.8262263546008336,0.3647019423978566,0.4581887030609025,0.7211754120953249,4253,7764,35904,2816,0.3452247053082549,0.601640967605036,0.8222039021709261,0.3539152866772073,0.445666981033218,0.7914736779864793,0.7119224348879811,0.1777960978290739,0.3983590323949639,0.2368488479807635,177.79609782907391,25368,50737
FedProx,8192,1,highest_validation_average_precision,80,result/splits_iid_scaling/splits_iid_8192_clients.json/FedProx/bestPRROC/run_1/model_round_80_run_1.pt,mcc_optimal,0.6427582502365112,,24665,,0.8184059257585434,0.4006786926713126,0.8133911644665437,0.3919725853466028,2397,4585,17248,1138,0.3629373108694624,0.6780763790664781,0.7899967938441809,0.3433113720996849,0.4558334125701245,0.7340365864553295,4741,9483,34185,2328,0.3496360468065784,0.6706747771962088,0.7828386919483374,0.3333098987626546,0.4453106654769173,0.7672113053590082,0.7267567345722732,0.2171613080516625,0.3293252228037912,0.2803476752665707,217.16130805166256,25368,50737
FedProx,8192,2,highest_validation_average_precision,80,result/splits_iid_scaling/splits_iid_8192_clients.json/FedProx/bestPRROC/run_2/model_round_80_run_2.pt,mcc_optimal,0.6788787841796875,,24667,,0.8193338775613859,0.398801635626219,0.8161675388905546,0.3934875722004229,2215,3830,18003,1320,0.3667371911762018,0.6265912305516266,0.824577474465259,0.3664185277088503,0.4624217118997912,0.7255843525084428,4415,7996,35672,2654,0.3556239975973376,0.6245579289857123,0.8168910872950444,0.3557328176617517,0.4532854209445585,0.7900940142302462,0.7207245081403784,0.1831089127049555,0.3754420710142877,0.2446143839801328,183.10891270495551,25368,50737
FedProx,8192,3,highest_validation_average_precision,80,result/splits_iid_scaling/splits_iid_8192_clients.json/FedProx/bestPRROC/run_3/model_round_80_run_1.pt,mcc_optimal,0.6079264283180237,,24656,,0.8182344233075414,0.3945608187238393,0.8126842687398879,0.3892687966268304,2566,5291,16542,969,0.3621629000577598,0.7258840169731259,0.7576604222965236,0.3265877561410207,0.4504915730337078,0.7417722196348248,5085,10989,32679,1984,0.3481151150874596,0.7193379544490027,0.748351195383347,0.3163493840985442,0.4394417318411615,0.7443088870055383,0.7338445749161748,0.2516488046166529,0.2806620455509973,0.316810217395589,251.64880461665297,25368,50737
FedProx,8192,4,highest_validation_average_precision,80,result/splits_iid_scaling/splits_iid_8192_clients.json/FedProx/bestPRROC/run_4/model_round_80_run_2.pt,mcc_optimal,0.6808599233627319,,24662,,0.8145475255104468,0.3931867636982248,0.8117696915574846,0.3897248139994346,2173,3882,17951,1362,0.3549419113937722,0.6147100424328147,0.8221957587138735,0.3588769611890999,0.4531803962460897,0.7184529005733441,4363,8147,35521,2706,0.3459841854854425,0.6172018673079643,0.8134331776128974,0.3487609912070343,0.4456815976301139,0.7860929893371701,0.7153175224604309,0.1865668223871026,0.3827981326920356,0.2465656227210911,186.56682238710263,25368,50737
FedProx,8192,5,highest_validation_average_precision,80,result/splits_iid_scaling/splits_iid_8192_clients.json/FedProx/bestPRROC/run_5/model_round_80_run_1.pt,mcc_optimal,0.635154664516449,,24665,,0.8157914543670869,0.388247719249064,0.8132240221821638,0.3917623275937134,2433,4786,17047,1102,0.3600032547436515,0.6882602545968882,0.780790546420556,0.337027289098213,0.4524827970987539,0.7345254005087221,4820,9757,33911,2249,0.3508089072364426,0.6818503324374028,0.7765640743794082,0.3306578857103656,0.4453478702762635,0.7633679563237874,0.7292072034084055,0.2234359256205917,0.3181496675625972,0.2873051224944321,223.43592562059175,25368,50737
FedProx,16384,1,highest_validation_average_precision,80,result/splits_iid_scaling/splits_iid_16384_clients.json/FedProx/bestPRROC/run_1/model_round_80.pt,mcc_optimal,0.5991042256355286,,24662,,0.8138349543024,0.4003712411162011,0.8127465304151402,0.397800493191196,2316,4340,17493,1219,0.3592627661676278,0.6551626591230552,0.8012183392112857,0.3479567307692308,0.4545186929643803,0.7281904991671704,4624,9000,34668,2445,0.3500625585211792,0.654123638421276,0.7938994229183842,0.3394010569583088,0.446914415502827,0.7744249758558842,0.72401153066983,0.2061005770816157,0.345876361578724,0.2685219859274297,206.10057708161577,25368,50737
FedProx,16384,2,highest_validation_average_precision,80,result/splits_iid_scaling/splits_iid_16384_clients.json/FedProx/bestPRROC/run_2/model_round_80.pt,mcc_optimal,0.6000826954841614,,24656,,0.8166643787148309,0.4028635468016962,0.8117629857811756,0.3956816236199532,2323,4353,17480,1212,0.3600051209220705,0.6571428571428571,0.8006229102734392,0.3479628520071899,0.4549995103319949,0.7288828837081482,4604,8954,34714,2465,0.3492122648102367,0.6512943839298345,0.7949528258679124,0.3395781088656144,0.4464051970717991,0.7749374223939137,0.7231236048988734,0.2050471741320876,0.3487056160701655,0.2672211601001241,205.0471741320876,25368,50737
FedProx,16384,3,highest_validation_average_precision,80,result/splits_iid_scaling/splits_iid_16384_clients.json/FedProx/bestPRROC/run_3/model_round_80.pt,mcc_optimal,0.598922610282898,,24660,,0.810282884783561,0.3914984500964275,0.8094532281043478,0.3870230781722557,2301,4404,17429,1234,0.3527826415167854,0.6509193776520509,0.7982869967480419,0.3431767337807606,0.4494140625,0.7246031872000465,4585,8976,34692,2484,0.3466903077040575,0.648606592162965,0.7944490244572685,0.3381019098886513,0.4444983034415899,0.7741293336224058,0.7215278083101168,0.2055509755427315,0.351393407837035,0.2672802885468199,205.5509755427315,25368,50737
FedProx,16384,4,highest_validation_average_precision,79,result/splits_iid_scaling/splits_iid_16384_clients.json/FedProx/bestPRROC/run_4/model_round_79_run_1.pt,mcc_optimal,0.6074913740158081,,24662,,0.8176228372619702,0.4022153710853568,0.8137389205187723,0.3989130321614607,2283,4202,17631,1252,0.3599236155210434,0.6458274398868459,0.807539046397655,0.3520431765612953,0.455688622754491,0.7266832431422504,4564,8651,35017,2505,0.353104878871001,0.6456358749469515,0.8018915452963268,0.3453651153991676,0.450009859988168,0.7801210162209039,0.7237637101216392,0.1981084547036732,0.3543641250530485,0.2604608076945818,198.10845470367323,25368,50737
FedProx,16384,5,highest_validation_average_precision,80,result/splits_iid_scaling/splits_iid_16384_clients.json/FedProx/bestPRROC/run_5/model_round_80.pt,mcc_optimal,0.5926883816719055,,24664,,0.8165442563846651,0.3973456526386336,0.8123582740656089,0.3955649760250381,2377,4568,17265,1158,0.359747791293674,0.6724186704384724,0.79077543168598,0.3422606191504679,0.4536259541984733,0.7315970510622262,4714,9397,34271,2355,0.3490614444137306,0.6668552836327628,0.7848080974626729,0.3340656225639572,0.4451369216241737,0.7683741648106904,0.7258316905477178,0.2151919025373271,0.3331447163672372,0.2781205037743658,215.1919025373271,25368,50737
FedProx,2,1,highest_validation_average_precision,68,result/splits_iid_scaling/splits_iid_2_clients.json/FedProx/bestPRROC/run_1/model_round_68_run_1.pt,minimum_recall,0.6060835123062134,0.8,24650,15514.0,0.8298866456451509,0.4302828686968737,0.8247298109905354,0.4229288573074816,2828,6368,15465,707,0.366198893169553,0.8,0.7083314249072505,0.3075250108742932,0.4442698923886576,0.7541657124536253,5598,13005,30663,1471,0.3550548533633302,0.7919083321544773,0.7021846661170651,0.3009192065795839,0.4361171704580866,0.71468553521099,0.7470464991357713,0.2978153338829349,0.2080916678455227,0.3666554979600686,297.8153338829349,25368,50737
FedProx,2,2,highest_validation_average_precision,59,result/splits_iid_scaling/splits_iid_2_clients.json/FedProx/bestPRROC/run_2/model_round_59_run_2.pt,minimum_recall,0.6129001975059509,0.8,24665,15435.0,0.8295447809400028,0.4235253012079483,0.8255180571783858,0.423566687042638,2828,6452,15381,707,0.3627219429212294,0.8,0.7044840379242431,0.3047413793103448,0.4413577838470542,0.7522420189621215,5627,13188,30480,1442,0.3541559719042303,0.7960107511670674,0.6979939543830723,0.2990698910443795,0.4347859681656622,0.7116502749472772,0.7470023527750699,0.3020060456169277,0.2039892488329325,0.3708339081932317,302.0060456169277,25368,50737
FedProx,2,3,highest_validation_average_precision,66,result/splits_iid_scaling/splits_iid_2_clients.json/FedProx/bestPRROC/run_3/model_round_66_run_3.pt,minimum_recall,0.5895787477493286,0.8,24660,15395.0,0.8285010084587707,0.4239368074145647,0.8246580316482319,0.4256531967004091,2828,6490,15343,707,0.3611595102166305,0.8,0.7027435533366921,0.3034986048508263,0.4400529059363572,0.7513717766683461,5653,13318,30350,1416,0.354063536412753,0.7996887820059414,0.6950169460474489,0.2979811290917716,0.4341781874039938,0.7096004887951594,0.7473528640266951,0.3049830539525511,0.2003112179940586,0.3739085874214084,304.9830539525511,25368,50737
FedProx,2,4,highest_validation_average_precision,48,result/splits_iid_scaling/splits_iid_2_clients.json/FedProx/bestPRROC/run_4/model_round_48_run_4.pt,minimum_recall,0.5901288390159607,0.8,24662,15502.0,0.8296723598984732,0.4248222835077936,0.8251763330853298,0.4237455446770169,2828,6382,15451,707,0.365617162938391,0.8,0.7076901937434159,0.307057546145494,0.4437818752451942,0.753845096871708,5611,13015,30653,1458,0.3561192792667447,0.7937473475739143,0.7019556654758633,0.301245570707613,0.4367386651099436,0.7147446636576857,0.7478515065248887,0.2980443345241367,0.2062526524260857,0.3671088160514023,298.0443345241367,25368,50737
FedProx,2,5,highest_validation_average_precision,70,result/splits_iid_scaling/splits_iid_2_clients.json/FedProx/bestPRROC/run_5/model_round_70_run_5.pt,minimum_recall,0.5873941779136658,0.8,24657,15357.0,0.8290626266727936,0.426752631141529,0.8256542897213874,0.4236173412919534,2828,6529,15304,707,0.3595626342320235,0.8,0.700957266523153,0.3022336218873571,0.4387216878684455,0.7504786332615765,5664,13307,30361,1405,0.3553575250126594,0.8012448719762343,0.6952688467527709,0.298560961467503,0.4350230414746543,0.7100340974042612,0.7482568593645026,0.3047311532472291,0.1987551280237657,0.3739085874214084,304.7311532472291,25368,50737
FedProx,4,1,highest_validation_average_precision,78,result/splits_iid_scaling/splits_iid_4_clients.json/FedProx/bestPRROC/run_1/model_round_78_run_1.pt,minimum_recall,0.6072379350662231,0.8,24665,15507.0,0.8283738894660775,0.4202826775560057,0.8248404141860639,0.4231120219354891,2828,6384,15449,707,0.3655341322240502,0.8,0.7075985892914396,0.3069908814589666,0.443712246018671,0.7537992946457198,5618,13073,30595,1451,0.3556172501725003,0.7947375866459188,0.7006274617568929,0.300572468032743,0.4361801242236025,0.7137394800638587,0.7476825242014058,0.299372538243107,0.2052624133540812,0.3683899323964759,299.37253824310704,25368,50737
FedProx,4,2,highest_validation_average_precision,76,result/splits_iid_scaling/splits_iid_4_clients.json/FedProx/bestPRROC/run_2/model_round_76_run_2.pt,minimum_recall,0.5959692597389221,0.8,24658,15396.0,0.8271146262573991,0.4217177612910004,0.8244556257271313,0.4198781095111641,2828,6487,15346,707,0.3612826258318763,0.8,0.7028809600146567,0.3035963499731616,0.4401556420233463,0.7514404800073284,5639,13298,30370,1430,0.3531017023288734,0.7977083038619324,0.6954749473298525,0.2977768389924486,0.4336691532723217,0.7097187456885508,0.7465916255958924,0.3045250526701475,0.2022916961380676,0.3732384650255237,304.5250526701475,25368,50737
FedProx,4,3,highest_validation_average_precision,73,result/splits_iid_scaling/splits_iid_4_clients.json/FedProx/bestPRROC/run_3/model_round_73_run_3.pt,minimum_recall,0.602170467376709,0.8,24663,15427.0,0.8284823442136402,0.4256906867421978,0.825183683523226,0.4220090649784571,2828,6458,15375,707,0.3624748132510882,0.8,0.704209224568314,0.3045444755545983,0.4411512362530224,0.752104612284157,5674,13214,30454,1395,0.3582120399018736,0.802659499221955,0.6973985527159476,0.3004023718763235,0.4371845744885773,0.7120641740741471,0.7500290259689513,0.3026014472840523,0.197340500778045,0.3722727003961606,302.60144728405237,25368,50737
FedProx,4,4,highest_validation_average_precision,76,result/splits_iid_scaling/splits_iid_4_clients.json/FedProx/bestPRROC/run_4/model_round_76_run_4.pt,minimum_recall,0.5944680571556091,0.8,24666,15459.0,0.8281822003480062,0.4167879083630771,0.8246688985693087,0.4185093567438713,2828,6424,15409,707,0.363877360074782,0.8,0.7057665002519122,0.3056636402939905,0.4423242355517322,0.7528832501259561,5605,13109,30559,1464,0.353614708480884,0.7928985712264818,0.6998030594485665,0.2995083894410602,0.4347826086956521,0.7127737154344955,0.7463508153375241,0.3001969405514335,0.2071014287735182,0.3688432504878097,300.19694055143356,25368,50737
FedProx,4,5,highest_validation_average_precision,74,result/splits_iid_scaling/splits_iid_4_clients.json/FedProx/bestPRROC/run_5/model_round_74_run_5.pt,minimum_recall,0.6008360981941223,0.8,24665,15452.0,0.8295779114327473,0.4243360654291033,0.8251802626054567,0.4230456047362351,2828,6432,15401,707,0.3635468793639509,0.8,0.7054000824440068,0.3053995680345572,0.4420476748729973,0.7527000412220034,5613,13084,30584,1456,0.3549049125051234,0.7940302730230584,0.700375561051571,0.3002085896133069,0.4356904447721804,0.7134241283481483,0.7472029170373147,0.299624438948429,0.2059697269769416,0.3685081892898673,299.62443894842903,25368,50737
FedProx,8,1,highest_validation_average_precision,76,result/splits_iid_scaling/splits_iid_8_clients.json/FedProx/bestPRROC/run_1/model_round_76_run_1.pt,minimum_recall,0.5832352042198181,0.8,24662,15421.0,0.8265147207512136,0.41610791364416,0.8234168070311989,0.4187326729228307,2828,6472,15361,707,0.3618988052530338,0.8,0.7035679934044795,0.3040860215053763,0.4406700428515777,0.7517839967022397,5635,13146,30522,1434,0.3557891821542352,0.797142452963644,0.6989557570761198,0.3000372717107715,0.4359767891682785,0.7126357490588722,0.7480491050198819,0.3010442429238802,0.2028575470363559,0.3701637857973471,301.04424292388023,25368,50737
FedProx,8,2,highest_validation_average_precision,80,result/splits_iid_scaling/splits_iid_8_clients.json/FedProx/bestPRROC/run_2/model_round_80_run_2.pt,minimum_recall,0.598623514175415,0.8,24667,15439.0,0.8279372718108161,0.4201375940937478,0.8235525941421992,0.4172273997341264,2828,6449,15384,707,0.3628455684461266,0.8,0.7046214446022077,0.3048399267004419,0.4414611301904464,0.7523107223011039,5621,13189,30479,1448,0.3535503564947841,0.795161974819635,0.6979710543189521,0.2988304093567251,0.4344062753583987,0.7115123085716538,0.7465665145692936,0.3020289456810479,0.2048380251803649,0.3707353607820722,302.0289456810479,25368,50737
FedProx,8,3,highest_validation_average_precision,80,result/splits_iid_scaling/splits_iid_8_clients.json/FedProx/bestPRROC/run_3/model_round_80_run_3.pt,minimum_recall,0.5953152179718018,0.8,24666,15461.0,0.8274156187922841,0.420759048181852,0.8230526445035512,0.417321563324435,2828,6421,15412,707,0.3640013651423907,0.8,0.7059039069298768,0.3057627851659639,0.4424280350438047,0.7529519534649385,5593,13097,30571,1476,0.3526877650214851,0.791201018531617,0.7000778602180087,0.299250936329588,0.4342559881982996,0.7127737154344955,0.7456394393748128,0.2999221397819913,0.208798981468383,0.368370222914244,299.92213978199135,25368,50737
FedProx,8,4,highest_validation_average_precision,80,result/splits_iid_scaling/splits_iid_8_clients.json/FedProx/bestPRROC/run_4/model_round_80_run_4.pt,minimum_recall,0.5966853499412537,0.8,24653,15465.0,0.8259077214066322,0.4120217979076694,0.8221590398795174,0.4112789681487118,2828,6406,15427,707,0.3646220041197534,0.8,0.7065909403196995,0.3062594758501191,0.4429477641162189,0.7532954701598498,5609,13135,30533,1460,0.3534760327487893,0.7934644221247701,0.6992076577814418,0.2992424242424242,0.4345872234920389,0.7123401068253937,0.7463360399531059,0.3007923422185582,0.2065355778752299,0.3694345349547667,300.7923422185582,25368,50737
FedProx,8,5,highest_validation_average_precision,79,result/splits_iid_scaling/splits_iid_8_clients.json/FedProx/bestPRROC/run_5/model_round_79_run_5.pt,minimum_recall,0.5893231630325317,0.8,24658,15252.0,0.8255619048828347,0.4122605967776474,0.8225206529163656,0.4147149037177007,2828,6639,15194,707,0.3550943610390322,0.8,0.6959190216644529,0.298721875990282,0.4350099984617751,0.7479595108322264,5689,13604,30064,1380,0.3518504013779212,0.8047814400905361,0.6884675277090776,0.2948737884206707,0.4316060996889462,0.7046731182371839,0.7466244838998068,0.3115324722909224,0.1952185599094639,0.3802550407000808,311.5324722909224,25368,50737
FedProx,16,1,highest_validation_average_precision,80,result/splits_iid_scaling/splits_iid_16_clients.json/FedProx/bestPRROC/run_1/model_round_80_run_1.pt,minimum_recall,0.5800405144691467,0.8,24663,15088.0,0.8226536125355833,0.4097268289239731,0.8194918076340709,0.4061200147892359,2828,6800,15033,707,0.3486466229969754,0.8,0.6885448632803555,0.2937266306605733,0.429689280559143,0.7442724316401778,5706,13842,29826,1363,0.3488070581323029,0.8071863064082614,0.6830173124484749,0.2918968692449355,0.4287485441635045,0.7003173226639337,0.7451018094283681,0.3169826875515251,0.1928136935917386,0.3852809586692157,316.98268755152515,25368,50737
FedProx,16,2,highest_validation_average_precision,80,result/splits_iid_scaling/splits_iid_16_clients.json/FedProx/bestPRROC/run_2/model_round_80_run_2.pt,minimum_recall,0.5894282460212708,0.8,24660,15324.0,0.8242248361954974,0.4071618440844702,0.8196339490350375,0.4056982433777988,2828,6563,15270,707,0.3581759394241038,0.8,0.6993999908395548,0.3011393887764881,0.4375676930218165,0.7496999954197774,5610,13418,30250,1459,0.3478615117912669,0.7936058848493422,0.692726939635431,0.2948286735337397,0.4299344752270376,0.7067820328359974,0.7431664122423867,0.307273060364569,0.2063941151506577,0.3750320279086268,307.273060364569,25368,50737
FedProx,16,3,highest_validation_average_precision,80,result/splits_iid_scaling/splits_iid_16_clients.json/FedProx/bestPRROC/run_3/model_round_80_run_3.pt,minimum_recall,0.59358149766922,0.8,24661,15239.0,0.8223106270687528,0.4057236480425696,0.8195998127462177,0.4030175272490826,2828,6657,15176,707,0.354368127906781,0.8,0.6950945815966656,0.2981549815498155,0.4344086021505376,0.7475472907983328,5659,13555,30113,1410,0.3499022801658626,0.8005375583533739,0.6895896308509664,0.294524825647965,0.4306205532092987,0.7050475983995901,0.7450635946021702,0.3104103691490336,0.199462441646626,0.3786979916037605,310.4103691490336,25368,50737
FedProx,16,4,highest_validation_average_precision,79,result/splits_iid_scaling/splits_iid_16_clients.json/FedProx/bestPRROC/run_4/model_round_79_run_4.pt,minimum_recall,0.573513388633728,0.8,24662,15390.0,0.8242936172751745,0.4118464207802103,0.8190986158979664,0.4029235881069995,2828,6497,15336,707,0.360872395954538,0.8,0.7024229377547749,0.3032707774798928,0.4398133748055987,0.7512114688773874,5620,13450,30218,1449,0.3481960654223199,0.795020512095063,0.6919941375835852,0.2947037231253277,0.4300087991124373,0.7063484242268956,0.743507324839324,0.3080058624164148,0.204979487904937,0.3758598261623667,308.0058624164148,25368,50737
FedProx,16,5,highest_validation_average_precision,80,result/splits_iid_scaling/splits_iid_16_clients.json/FedProx/bestPRROC/run_5/model_round_80_run_5.pt,minimum_recall,0.5821202397346497,0.8,24655,15216.0,0.8238048874408677,0.4093490451957324,0.8191445618039527,0.4066352038908285,2828,6672,15161,707,0.3537639793667138,0.8,0.6944075482068428,0.2976842105263158,0.4339087073264288,0.7472037741034214,5647,13641,30027,1422,0.3470251610162029,0.798840005658509,0.6876202253366309,0.2927727084197428,0.4285009674849186,0.7031160691408637,0.74323011549757,0.3123797746633691,0.201159994341491,0.3801564932889213,312.37977466336906,25368,50737
FedProx,32,1,highest_validation_average_precision,80,result/splits_iid_scaling/splits_iid_32_clients.json/FedProx/bestPRROC/run_1/model_round_80_run_1.pt,minimum_recall,0.5684102177619934,0.8,24661,14982.0,0.8192526255785931,0.4027263479305578,0.8148620489641403,0.3944154739754708,2828,6901,14932,707,0.3446556116277544,0.8,0.6839188384555489,0.2906773563572823,0.4264173703256936,0.7419594192277745,5689,14165,29503,1380,0.3408644643482844,0.8047814400905361,0.6756205917376569,0.2865417548101138,0.4226126360361029,0.693616098705087,0.7402010159140965,0.3243794082623431,0.1952185599094639,0.3913120602321777,324.37940826234313,25368,50737
FedProx,32,2,highest_validation_average_precision,80,result/splits_iid_scaling/splits_iid_32_clients.json/FedProx/bestPRROC/run_2/model_round_80_run_2.pt,minimum_recall,0.5714647173881531,0.8,24662,15071.0,0.8185999406190659,0.3924092338297382,0.8126381900141778,0.3856964143394734,2828,6822,15011,707,0.3477738226929793,0.8,0.6875372143086154,0.2930569948186528,0.4289723170269245,0.7437686071543077,5643,13907,29761,1426,0.3413998974193417,0.7982741547602207,0.6815288082806632,0.2886445012787724,0.4239828693790149,0.6977945089382502,0.7399014815204419,0.3184711917193368,0.2017258452397793,0.3853203776336795,318.4711917193368,25368,50737
FedProx,32,3,highest_validation_average_precision,24,result/splits_iid_scaling/splits_iid_32_clients.json/FedProx/bestPRROC/run_3/model_round_24_run_3.pt,minimum_recall,0.2231640666723251,0.8,24661,14686.0,0.8076698904653047,0.3956276404814719,0.8056273429966226,0.3934363567731626,2828,7200,14633,707,0.3330706315169288,0.8,0.6702239728850822,0.2820103709613083,0.4170168841701688,0.735111986442541,5653,14764,28904,1416,0.3259556951539189,0.7996887820059414,0.6619034533296694,0.2768771122104129,0.4113366804918867,0.6811005774878294,0.7307961176678054,0.3380965466703306,0.2003112179940586,0.4024084987287384,338.0965466703306,25368,50737
FedProx,32,4,highest_validation_average_precision,80,result/splits_iid_scaling/splits_iid_32_clients.json/FedProx/bestPRROC/run_4/model_round_80_run_4.pt,minimum_recall,0.5768868923187256,0.8,24671,15064.0,0.8169191608850803,0.396409141432566,0.8141657399413387,0.3895219835999204,2828,6825,15008,707,0.3476549554099097,0.8,0.6873998076306509,0.2929659173313995,0.4288747346072187,0.7436999038153255,5655,14044,29624,1414,0.3398986626972445,0.7999717074550856,0.6783914994961986,0.2870704096654652,0.422519426180514,0.6953308236592625,0.7391816034756421,0.3216085005038014,0.2000282925449144,0.3882570904862329,321.6085005038014,25368,50737
FedProx,32,5,highest_validation_average_precision,80,result/splits_iid_scaling/splits_iid_32_clients.json/FedProx/bestPRROC/run_5/model_round_80_run_5.pt,minimum_recall,0.5680357217788696,0.8,24656,14942.0,0.8156826756999628,0.3863222451013643,0.8106416390638125,0.3839291322393086,2828,6934,14899,707,0.3433603501235994,0.8,0.6824073649979389,0.2896947346855152,0.4253591035571933,0.7412036824989694,5649,14121,29547,1420,0.3378217166514567,0.7991229311076531,0.6766281945589447,0.2857359635811836,0.4209545810201572,0.6936949366340146,0.7378755628332989,0.3233718054410552,0.2008770688923469,0.389656463724698,323.37180544105524,25368,50737
FedProx,64,1,highest_validation_average_precision,80,result/splits_iid_scaling/splits_iid_64_clients.json/FedProx/bestPRROC/run_1/model_round_80_run_1.pt,minimum_recall,0.5593429207801819,0.8,24662,14875.0,0.8180394302099433,0.3999735499856555,0.813327679877979,0.3939595696884104,2828,7021,14812,707,0.3399657312155432,0.8,0.6784225713369669,0.287135749822317,0.4225941422594142,0.7392112856684835,5699,14328,29340,1370,0.3387013653010359,0.8061960673362569,0.6718878812860676,0.2845658361212363,0.4206524948331857,0.690600547923606,0.7390419743111623,0.3281121187139324,0.193803932663743,0.3947218006582967,328.11211871393243,25368,50737
FedProx,64,2,highest_validation_average_precision,80,result/splits_iid_scaling/splits_iid_64_clients.json/FedProx/bestPRROC/run_2/model_round_80_run_2.pt,minimum_recall,0.5728824734687805,0.8,24655,15078.0,0.8155746290910474,0.3890182583144608,0.8125394353098813,0.3890866325511925,2828,6806,15027,707,0.3484083929755304,0.8,0.6882700499244263,0.2935436993979655,0.4294935074796871,0.7441350249622132,5597,13974,29694,1472,0.3356108394785101,0.7917668694299053,0.6799945039846111,0.2859843646211231,0.4201951951951952,0.6955673374460453,0.7358806867072583,0.3200054960153888,0.2082331305700947,0.3857342767605495,320.00549601538887,25368,50737
FedProx,64,3,highest_validation_average_precision,80,result/splits_iid_scaling/splits_iid_64_clients.json/FedProx/bestPRROC/run_3/model_round_80_run_3.pt,minimum_recall,0.5633161067962646,0.8,24653,14766.0,0.8155643543625584,0.3935436052171677,0.81291404038339,0.3898156687295678,2828,7119,14714,707,0.3361761599762075,0.8,0.6739339531901251,0.2843068261787473,0.4195223260643821,0.7369669765950626,5721,14594,29074,1348,0.3357744795026772,0.8093082472768426,0.6657964642300999,0.2816145705143982,0.4178352322524101,0.685791434259022,0.7375523557534712,0.3342035357699001,0.1906917527231574,0.4003981315410844,334.20353576990016,25368,50737
FedProx,64,4,highest_validation_average_precision,80,result/splits_iid_scaling/splits_iid_64_clients.json/FedProx/bestPRROC/run_4/model_round_80_run_4.pt,minimum_recall,0.5820150971412659,0.8,24656,15200.0,0.8185236381271721,0.3974783006401869,0.8115444957154494,0.3828387867596171,2828,6686,15147,707,0.3532009610293418,0.8,0.6937663170430083,0.2972461635484549,0.4334431757222776,0.7468831585215041,5619,13900,29768,1450,0.3391988280440077,0.7948790493704909,0.6816891087295044,0.287873354167734,0.4226718820520536,0.6974594477403079,0.7382840790499976,0.3183108912704956,0.205120950629509,0.3847093836844906,318.31089127049563,25368,50737
FedProx,64,5,highest_validation_average_precision,80,result/splits_iid_scaling/splits_iid_64_clients.json/FedProx/bestPRROC/run_5/model_round_80_run_5.pt,minimum_recall,0.567310094833374,0.8,24662,15041.0,0.8184720960465551,0.3997065380556939,0.8143853735524934,0.3922716183277481,2828,6846,14987,707,0.3468238940406575,0.8,0.6864379608848991,0.2923299565846599,0.4281928987811341,0.7432189804424496,5644,14032,29636,1425,0.3390607155733993,0.7984156174847927,0.6786663002656408,0.2868469201057125,0.4220601981678819,0.6953505331414944,0.7385409588752168,0.3213336997343592,0.2015843825152072,0.3878037723948991,321.3336997343592,25368,50737
FedProx,128,1,highest_validation_average_precision,80,result/splits_iid_scaling/splits_iid_128_clients.json/FedProx/bestPRROC/run_1/model_round_80_run_1.pt,minimum_recall,0.5693167448043823,0.8,24661,15057.0,0.8187381117471956,0.3943747682571373,0.8135827812146987,0.3876626104592577,2828,6823,15010,707,0.347734196249572,0.8,0.6874914120826272,0.2930266293648326,0.4289397846200515,0.7437457060413136,5678,13919,29749,1391,0.3445734560617425,0.8032253501202433,0.681254007511221,0.2897382252385569,0.4258606465161629,0.6982478270295839,0.7422396788157322,0.318745992488779,0.1967746498797566,0.3862467232985789,318.745992488779,25368,50737
FedProx,128,2,highest_validation_average_precision,80,result/splits_iid_scaling/splits_iid_128_clients.json/FedProx/bestPRROC/run_2/model_round_80_run_2.pt,minimum_recall,0.586703360080719,0.8,24651,15261.0,0.8171437084034647,0.3917727833960872,0.8134260345033508,0.3897850438969079,2828,6624,15209,707,0.3557006061618706,0.8,0.6966060550542756,0.2991959373677528,0.4355124355124355,0.7483030275271378,5582,13561,30107,1487,0.3422763803956418,0.7896449285613241,0.6894522304662453,0.2915948388444862,0.4259117961239127,0.7034117113743422,0.7395485795137846,0.3105477695337547,0.2103550714386759,0.3772986183652955,310.5477695337547,25368,50737
FedProx,128,3,highest_validation_average_precision,80,result/splits_iid_scaling/splits_iid_128_clients.json/FedProx/bestPRROC/run_3/model_round_80_run_3.pt,minimum_recall,0.563787043094635,0.8,24650,15079.0,0.8173241704695364,0.397977047119843,0.8141732993273375,0.3931392879314652,2828,6804,15029,707,0.3484877868220626,0.8,0.6883616543764027,0.2936046511627907,0.429558745348219,0.7441808271882013,5658,13942,29726,1411,0.342176913031415,0.8003960956288018,0.6807273060364569,0.2886734693877551,0.4243128726236454,0.6974003192936121,0.7405617008326293,0.3192726939635431,0.1996039043711982,0.3863058517452746,319.2726939635431,25368,50737
FedProx,128,4,highest_validation_average_precision,80,result/splits_iid_scaling/splits_iid_128_clients.json/FedProx/bestPRROC/run_4/model_round_80_run_4.pt,minimum_recall,0.5815140604972839,0.8,24661,15318.0,0.8203965669450064,0.3970801341496986,0.8153283563385517,0.3948631577478567,2828,6572,15261,707,0.357809716393201,0.8,0.6989877708056611,0.3008510638297872,0.4372632392732895,0.7494938854028306,5590,13406,30262,1479,0.3461510921872927,0.7907766303579007,0.6930017404048732,0.2942724784165087,0.428927680798005,0.7066243569781422,0.7418891853813869,0.3069982595951268,0.2092233696420993,0.374401324477206,306.99825959512685,25368,50737
FedProx,128,5,highest_validation_average_precision,80,result/splits_iid_scaling/splits_iid_128_clients.json/FedProx/bestPRROC/run_5/model_round_80_run_5.pt,minimum_recall,0.5812910199165344,0.8,24656,15131.0,0.8197283208897473,0.4035696980059137,0.8142534009591762,0.3902605288139631,2828,6754,15079,707,0.3504779097182372,0.8,0.6906517656758119,0.2951367146733458,0.431196157658001,0.7453258828379059,5614,13726,29942,1455,0.3421288648662968,0.7941717357476304,0.6856737198864157,0.2902792140641158,0.4251580900450604,0.7007903502374992,0.7399227278170231,0.3143262801135843,0.2058282642523695,0.3811813863649801,314.32628011358435,25368,50737
FedProx,256,1,highest_validation_average_precision,80,result/splits_iid_scaling/splits_iid_256_clients.json/FedProx/bestPRROC/run_1/model_round_80_run_1.pt,minimum_recall,0.5771982669830322,0.8,24660,15125.0,0.8189094004112871,0.3975044751468455,0.813472252527796,0.3953144229753979,2828,6759,15074,707,0.3502784386118331,0.8,0.6904227545458709,0.2949827891936998,0.4310318549001676,0.7452113772729354,5609,13834,29834,1460,0.3395171131667379,0.7934644221247701,0.6832005129614362,0.2884842874042072,0.4231291490645745,0.6985631787452944,0.7383324675431031,0.3167994870385637,0.2065355778752299,0.3832114630348661,316.79948703856377,25368,50737
FedProx,256,2,highest_validation_average_precision,80,result/splits_iid_scaling/splits_iid_256_clients.json/FedProx/bestPRROC/run_2/model_round_80_run_2.pt,minimum_recall,0.5762919187545776,0.8,24662,15092.0,0.816231175171747,0.3943569749078178,0.8124154270407454,0.3848555122207955,2828,6801,15032,707,0.3486069078899511,0.8,0.6884990610543672,0.2936961262851801,0.4296566393193558,0.7442495305271837,5632,13896,29772,1437,0.3405435515561915,0.7967180647899279,0.6817807089859852,0.288406390823433,0.4235064104974245,0.6977945089382502,0.7392493868879566,0.3182192910140148,0.2032819352100721,0.3848867690245777,318.2192910140148,25368,50737
FedProx,256,3,highest_validation_average_precision,80,result/splits_iid_scaling/splits_iid_256_clients.json/FedProx/bestPRROC/run_3/model_round_80_run_3.pt,minimum_recall,0.5890415906906128,0.8,24660,15202.0,0.816861548551882,0.3880225225200348,0.8111992178849001,0.3853267774943458,2828,6684,15149,707,0.3532813418974139,0.8,0.6938579214949847,0.2973086627417998,0.4335096190695179,0.7469289607474924,5557,13673,29995,1512,0.3376173389614724,0.7861083604470223,0.6868874232847852,0.2889755590223609,0.4226016198334537,0.7007115123085716,0.7364978918659038,0.3131125767152147,0.2138916395529777,0.379013343319471,313.11257671521474,25368,50737
FedProx,256,4,highest_validation_average_precision,20,result/splits_iid_scaling/splits_iid_256_clients.json/FedProx/bestPRROC/run_4/model_round_20_run_4.pt,minimum_recall,0.2694319784641266,0.8,24665,14757.0,0.8108270307764397,0.4024579325635633,0.8039569778513587,0.3916690002765529,2828,7139,14694,707,0.335407145472054,0.8,0.6730179086703614,0.2837363298886325,0.4189009035698415,0.7365089543351807,5632,14578,29090,1437,0.3274196277880447,0.7967180647899279,0.6661628652560228,0.278673923800099,0.412918362110048,0.6843526420560931,0.7314404650229753,0.3338371347439772,0.2032819352100721,0.3983286359067347,333.83713474397723,25368,50737
FedProx,256,5,highest_validation_average_precision,80,result/splits_iid_scaling/splits_iid_256_clients.json/FedProx/bestPRROC/run_5/model_round_80_run_5.pt,minimum_recall,0.5784753561019897,0.8,24657,15135.0,0.820278323348297,0.4015384849951565,0.8145785420237655,0.3951150788546672,2828,6752,15081,707,0.3505577268598911,0.8,0.6907433701277882,0.2951983298538622,0.4312619138391155,0.7453716850638941,5638,13913,29755,1431,0.3407955960745458,0.7975668411373603,0.6813914078959421,0.2883739962150273,0.4235912847483095,0.6975777046336993,0.7394791245166512,0.3186085921040579,0.2024331588626396,0.3853400871159114,318.6085921040579,25368,50737
FedProx,512,1,highest_validation_average_precision,80,result/splits_iid_scaling/splits_iid_512_clients.json/FedProx/bestPRROC/run_1/model_round_80_run_1.pt,minimum_recall,0.5699191689491272,0.8,24656,14965.0,0.8189803064032872,0.3959681819326499,0.8159682072601386,0.3994530477205907,2828,6923,14910,707,0.3437916319851714,0.8,0.6829111894838089,0.290021536252692,0.4257112750263435,0.7414555947419045,5669,14084,29584,1400,0.3404853847892296,0.8019521855990946,0.6774754969313914,0.2869943806004151,0.4227126985310566,0.6948183771212331,0.7397138412652431,0.3225245030686086,0.1980478144009053,0.3893214025267556,322.52450306860857,25368,50737
FedProx,512,2,highest_validation_average_precision,80,result/splits_iid_scaling/splits_iid_512_clients.json/FedProx/bestPRROC/run_2/model_round_80_run_2.pt,minimum_recall,0.5718797445297241,0.8,24660,15042.0,0.8190745929092323,0.3982953512024718,0.8148502766012865,0.3919539149293096,2828,6854,14979,707,0.3465077624751064,0.8,0.6860715430769936,0.2920884114852303,0.4279337217220246,0.7430357715384968,5639,13962,29706,1430,0.339936399434242,0.7977083038619324,0.6802693047540533,0.2876894036018571,0.4228721409823772,0.696631649486568,0.7389888043079929,0.3197306952459466,0.2022916961380676,0.3863255612275065,319.73069524594666,25368,50737
FedProx,512,3,highest_validation_average_precision,80,result/splits_iid_scaling/splits_iid_512_clients.json/FedProx/bestPRROC/run_3/model_round_80_run_3.pt,minimum_recall,0.5659451484680176,0.8,24661,14954.0,0.8149028328773951,0.388077452861853,0.8124470770091222,0.3907313155692133,2828,6939,14894,707,0.3431644683406341,0.8,0.682178353867998,0.2895464318623937,0.4251992181626823,0.741089176933999,5660,14181,29487,1409,0.3377331937196047,0.800679021077946,0.675254190711734,0.2852678796431631,0.420661464139725,0.6927291720046515,0.73796660589484,0.324745809288266,0.199320978922054,0.391055836963163,324.745809288266,25368,50737
FedProx,512,4,highest_validation_average_precision,80,result/splits_iid_scaling/splits_iid_512_clients.json/FedProx/bestPRROC/run_4/model_round_80_run_4.pt,minimum_recall,0.5801750421524048,0.8,24657,15090.0,0.817846270497063,0.3913186655685344,0.811816131488054,0.3850947232953914,2828,6795,15038,707,0.3488452592202782,0.8,0.6887738744102964,0.2938792476358723,0.4298525611795105,0.7443869372051481,5618,13840,29828,1451,0.340276449810114,0.7947375866459188,0.6830631125767153,0.288724432110186,0.4235684397029441,0.69862230719199,0.738900349611317,0.3169368874232847,0.2052624133540812,0.3835071052683446,316.93688742328476,25368,50737
FedProx,512,5,highest_validation_average_precision,80,result/splits_iid_scaling/splits_iid_512_clients.json/FedProx/bestPRROC/run_5/model_round_80_run_5.pt,minimum_recall,0.5601638555526733,0.8,24657,14901.0,0.818140046104119,0.3975370397564206,0.8154501277291653,0.3945304371197761,2828,6990,14843,707,0.3411719855582362,0.8,0.6798424403426007,0.2880423711550214,0.4235752265408522,0.7399212201713004,5714,14102,29566,1355,0.3445156250558178,0.808318008204838,0.6770632957772281,0.2883528461849011,0.425069741491538,0.6953505331414944,0.742690651991033,0.3229367042227719,0.191681991795162,0.3905630999073654,322.9367042227719,25368,50737
FedProx,1024,1,highest_validation_average_precision,80,result/splits_iid_scaling/splits_iid_1024_clients.json/FedProx/bestPRROC/run_1/model_round_80_run_1.pt,minimum_recall,0.5692262649536133,0.8,24659,15038.0,0.8168896647698154,0.3980477272814856,0.8141374558191385,0.3911467567939234,2828,6846,14987,707,0.3468238940406575,0.8,0.6864379608848991,0.2923299565846599,0.4281928987811341,0.7432189804424496,5666,13958,29710,1403,0.3426436393558112,0.8015277974253784,0.680360905010534,0.2887280880554423,0.4245307758588394,0.6972426434357569,0.7409443512179562,0.3196390949894659,0.1984722025746216,0.3867788793188403,319.63909498946595,25368,50737
FedProx,1024,2,highest_validation_average_precision,80,result/splits_iid_scaling/splits_iid_1024_clients.json/FedProx/bestPRROC/run_2/model_round_80_run_2.pt,minimum_recall,0.5695722103118896,0.8,24656,15140.0,0.8170297016746189,0.3982225075775219,0.8143016614918159,0.3953100014120921,2828,6744,15089,707,0.3508771596706059,0.8,0.6911097879356937,0.2954450480568324,0.4315251392385748,0.7455548939678469,5607,13734,29934,1462,0.3412888167132195,0.793181496675626,0.6854905193734543,0.2899022801302932,0.4246118894358198,0.7004947080040207,0.7393360080245401,0.3145094806265457,0.206818503324374,0.381201095847212,314.5094806265457,25368,50737
FedProx,1024,3,highest_validation_average_precision,80,result/splits_iid_scaling/splits_iid_1024_clients.json/FedProx/bestPRROC/run_3/model_round_80_run_3.pt,minimum_recall,0.5563496947288513,0.8,24665,14982.0,0.8166489860572712,0.3964094813985827,0.8139576875622156,0.393315973487065,2828,6900,14933,707,0.3446949284407788,0.8,0.6839646406815372,0.2907072368421052,0.426449521224459,0.7419823203407686,5663,14097,29571,1406,0.339649366354438,0.8011034092516622,0.677177796097829,0.2865890688259109,0.4221551306422155,0.6944438969588269,0.7391406026747456,0.322822203902171,0.1988965907483377,0.3894593689023789,322.822203902171,25368,50737
FedProx,1024,4,highest_validation_average_precision,80,result/splits_iid_scaling/splits_iid_1024_clients.json/FedProx/bestPRROC/run_4/model_round_80_run_4.pt,minimum_recall,0.5631355047225952,0.8,24664,15193.0,0.8190794322674803,0.3960693871517939,0.8154369915345114,0.3983665472272192,2828,6693,15140,707,0.3529197598077938,0.8,0.693445701461091,0.2970276231488289,0.4332107843137255,0.7467228507305455,5610,13693,29975,1459,0.3423904107853148,0.7936058848493422,0.6864294220023817,0.2906283997306118,0.4254512361595631,0.7013619252222244,0.740017653425862,0.3135705779976183,0.2063941151506577,0.3804521355223998,313.57057799761833,25368,50737
FedProx,1024,5,highest_validation_average_precision,80,result/splits_iid_scaling/splits_iid_1024_clients.json/FedProx/bestPRROC/run_5/model_round_80_run_5.pt,minimum_recall,0.564828634262085,0.8,24659,15204.0,0.8199883635136747,0.4008752683449771,0.8143652983371372,0.3988503542868803,2828,6678,15155,707,0.3535225850863198,0.8,0.6941327348509138,0.2974963181148748,0.4337090713902308,0.747066367425457,5591,13700,29968,1478,0.3403998539778846,0.7909180930824727,0.6862691215535404,0.2898242703851537,0.4242033383915022,0.700849478684195,0.7385936073180066,0.3137308784464596,0.2090819069175272,0.380215621735617,313.73087844645966,25368,50737
FedProx,2048,1,highest_validation_average_precision,80,result/splits_iid_scaling/splits_iid_2048_clients.json/FedProx/bestPRROC/run_1/model_round_80_run_1.pt,minimum_recall,0.5529242157936096,0.8,24664,14990.0,0.8190359363487697,0.3949228475907166,0.8162325071726215,0.3939299800343866,2828,6903,14930,707,0.34457698976744,0.8,0.6838272340035726,0.2906176138115302,0.426353083069501,0.7419136170017864,5700,14215,29453,1369,0.3409701704956626,0.806337530060829,0.6744755885316479,0.2862164197840823,0.4224725763415357,0.6928474288980428,0.7404065592962384,0.3255244114683521,0.193662469939171,0.3925143386483237,325.52441146835207,25368,50737
FedProx,2048,2,highest_validation_average_precision,80,result/splits_iid_scaling/splits_iid_2048_clients.json/FedProx/bestPRROC/run_2/model_round_80_run_1.pt,minimum_recall,0.560455322265625,0.8,24658,15131.0,0.8178953119186656,0.3944830700211224,0.8139914270116159,0.3927592697887154,2828,6757,15076,707,0.3503582147610092,0.8,0.6905143589978473,0.2950443401147626,0.4310975609756097,0.7452571794989237,5642,13832,29836,1427,0.3427716369553156,0.7981326920356486,0.6832463130896766,0.2897196261682243,0.4251215009607053,0.6992530106234109,0.7406895025626626,0.3167536869103233,0.2018673079643513,0.383822456984055,316.7536869103233,25368,50737
FedProx,2048,3,highest_validation_average_precision,80,result/splits_iid_scaling/splits_iid_2048_clients.json/FedProx/bestPRROC/run_3/model_round_80_run_1.pt,minimum_recall,0.5616742968559265,0.8,24662,14988.0,0.8148165277494439,0.3836956706429219,0.8126793819458966,0.3854682266645815,2828,6911,14922,707,0.344262659028593,0.8,0.6834608161956671,0.2903788890029777,0.4260961277685701,0.7417304080978335,5664,14103,29565,1405,0.3396304821263707,0.8012448719762343,0.677040395713108,0.2865381696767339,0.4221195409151885,0.6943453495476674,0.7391426338446712,0.3229596042868919,0.1987551280237657,0.3895973352780022,322.959604286892,25368,50737
FedProx,2048,4,highest_validation_average_precision,80,result/splits_iid_scaling/splits_iid_2048_clients.json/FedProx/bestPRROC/run_4/model_round_80_run_1.pt,minimum_recall,0.5669382810592651,0.8,24660,15110.0,0.8173759069018902,0.3983607296431277,0.8125183072552495,0.3882001397837702,2828,6770,15063,707,0.3498399623096228,0.8,0.6899189300600009,0.2946447176495103,0.4306708292088632,0.7449594650300004,5635,13918,29750,1434,0.3404056633571925,0.797142452963644,0.6812769075753412,0.2881910704239758,0.4233340845916911,0.6974200287758441,0.7392096802694926,0.3187230924246588,0.2028575470363559,0.3853795060803752,318.7230924246588,25368,50737
FedProx,2048,5,highest_validation_average_precision,80,result/splits_iid_scaling/splits_iid_2048_clients.json/FedProx/bestPRROC/run_5/model_round_80_run_1.pt,minimum_recall,0.569762647151947,0.8,24663,15034.0,0.8164559818257804,0.3919954883433448,0.814775521773215,0.3923167545637069,2828,6844,14989,707,0.3469029667900221,0.8,0.6865295653368754,0.2923904052936311,0.4282577421064586,0.7432647826684378,5637,13974,29694,1432,0.3395076907982428,0.7974253784127883,0.6799945039846111,0.2874407220437509,0.4225637181409295,0.6963557167353214,0.7387099411986997,0.3200054960153888,0.2025746215872117,0.3865226560498255,320.00549601538887,25368,50737
FedProx,4096,1,highest_validation_average_precision,79,result/splits_iid_scaling/splits_iid_4096_clients.json/FedProx/bestPRROC/run_1/model_round_79_run_1.pt,minimum_recall,0.5442872047424316,0.8,24659,15069.0,0.8182798173948821,0.3963851530470118,0.8127977032631915,0.3862222493543854,2828,6817,15016,707,0.3479720151945178,0.8,0.6877662254385564,0.2932089165370658,0.4291350531107739,0.7438831127192782,5669,14002,29666,1400,0.3420783328652352,0.8019521855990946,0.6793533021892462,0.2881907376340806,0.4240089753178758,0.696434554664249,0.7406527438941704,0.3206466978107538,0.1980478144009053,0.3877052249837396,320.64669781075384,25368,50737
FedProx,4096,2,highest_validation_average_precision,80,result/splits_iid_scaling/splits_iid_4096_clients.json/FedProx/bestPRROC/run_2/model_round_80_run_1.pt,minimum_recall,0.5534282922744751,0.8,24658,14985.0,0.8161006226317026,0.3964692103023485,0.8151132110622167,0.3938078479580259,2828,6904,14929,707,0.3445376847177754,0.8,0.6837814317775844,0.2905877517468146,0.4263209467098817,0.7418907158887922,5676,14045,29623,1393,0.3419236100202344,0.8029424246710992,0.6783685994320784,0.2878150195223365,0.4237402015677491,0.6957250133039005,0.7406555120515887,0.3216314005679216,0.1970575753289007,0.3886906990953347,321.6314005679216,25368,50737
FedProx,4096,3,highest_validation_average_precision,80,result/splits_iid_scaling/splits_iid_4096_clients.json/FedProx/bestPRROC/run_3/model_round_80_run_1.pt,minimum_recall,0.5454216003417969,0.8,24655,15011.0,0.8153253146829951,0.3964027524454906,0.8131572899893722,0.3939504591391929,2828,6867,14966,707,0.3459945914800582,0.8,0.6854761141391471,0.291696750902527,0.4275132275132275,0.7427380570695736,5614,13995,29673,1455,0.3368582995750849,0.7941717357476304,0.6795136026380874,0.2862971084706002,0.4208711297698478,0.6954884995171177,0.7368426691928589,0.3204863973619126,0.2058282642523695,0.3864832370853617,320.4863973619126,25368,50737
FedProx,4096,4,highest_validation_average_precision,62,result/splits_iid_scaling/splits_iid_4096_clients.json/FedProx/bestPRROC/run_4/model_round_62_run_1.pt,minimum_recall,0.5736563801765442,0.8,24656,15064.0,0.8183639716969454,0.4006424460562066,0.8146727792376933,0.3994858572572837,2828,6819,15014,707,0.3478927261321259,0.8,0.6876746209865799,0.2931481289520058,0.4290699438628432,0.74383731049329,5616,13862,29806,1453,0.3396503144012605,0.7944546611967747,0.6825593111660713,0.2883252900708491,0.4230986552152785,0.6981492796184244,0.738506986181423,0.3174406888339287,0.2055453388032253,0.3839012949129826,317.44068883392873,25368,50737
FedProx,4096,5,highest_validation_average_precision,80,result/splits_iid_scaling/splits_iid_4096_clients.json/FedProx/bestPRROC/run_5/model_round_80_run_1.pt,minimum_recall,0.5539095401763916,0.8,24657,15137.0,0.8178428045577555,0.3952379518287032,0.8121925474451167,0.3881734048127951,2828,6750,15083,707,0.3506375604159762,0.8,0.6908349745797646,0.2952599707663395,0.431327690078548,0.7454174872898823,5606,13792,29876,1463,0.3400495232447866,0.7930400339510539,0.6841623156544838,0.28899886586246,0.4236218687422072,0.6993318485523385,0.7386011748027689,0.3158376843455162,0.206959966048946,0.3823245363344305,315.83768434551615,25368,50737
FedProx,8192,1,highest_validation_average_precision,80,result/splits_iid_scaling/splits_iid_8192_clients.json/FedProx/bestPRROC/run_1/model_round_80_run_1.pt,minimum_recall,0.5308104157447815,0.8,24665,15156.0,0.8184059257585434,0.4006786926713126,0.8133911644665437,0.3919725853466028,2828,6737,15096,707,0.351156879321843,0.8,0.691430403517611,0.2956612650287507,0.4317557251908397,0.7457152017588056,5608,13764,29904,1461,0.3407952708248747,0.793322959400198,0.6848035174498489,0.2894899855461491,0.4241897053817934,0.6999231330192955,0.7390632384250235,0.3151964825501511,0.2066770405998019,0.381812089796401,315.1964825501511,25368,50737
FedProx,8192,2,highest_validation_average_precision,80,result/splits_iid_scaling/splits_iid_8192_clients.json/FedProx/bestPRROC/run_2/model_round_80_run_2.pt,minimum_recall,0.5176129341125488,0.8,24667,15075.0,0.8193338775613859,0.398801635626219,0.8161675388905546,0.3934875722004229,2828,6821,15012,707,0.3478134531537283,0.8,0.6875830165346036,0.2930873665664836,0.429004854368932,0.7437915082673019,5699,13974,29694,1370,0.3455438670617705,0.8061960673362569,0.6799945039846111,0.2896863721852284,0.4262209258843766,0.6975777046336993,0.743095285660434,0.3200054960153888,0.193803932663743,0.3877446439482034,320.00549601538887,25368,50737
FedProx,8192,3,highest_validation_average_precision,80,result/splits_iid_scaling/splits_iid_8192_clients.json/FedProx/bestPRROC/run_3/model_round_80_run_1.pt,minimum_recall,0.5307808518409729,0.8,24656,15072.0,0.8182344233075414,0.3945608187238393,0.8126842687398879,0.3892687966268304,2828,6819,15014,707,0.3478927261321259,0.8,0.6876746209865799,0.2931481289520058,0.4290699438628432,0.74383731049329,5643,13920,29748,1426,0.3411457979434343,0.7982741547602207,0.6812311074471008,0.2884526913050145,0.4237759086812857,0.6975382856692355,0.7397526311036607,0.3187688925528992,0.2017258452397793,0.3855766009026943,318.7688925528992,25368,50737
FedProx,8192,4,highest_validation_average_precision,80,result/splits_iid_scaling/splits_iid_8192_clients.json/FedProx/bestPRROC/run_4/model_round_80_run_2.pt,minimum_recall,0.5150414705276489,0.8,24662,14950.0,0.8145475255104468,0.3931867636982248,0.8117696915574846,0.3897248139994346,2828,6942,14891,707,0.3430469858095982,0.8,0.6820409471900334,0.2894575230296827,0.4251033446072905,0.7410204735950168,5682,14152,29516,1387,0.3404344326672007,0.8037912010185316,0.6759182925712192,0.2864777654532621,0.4224064230754934,0.6937343555984784,0.7398547467948754,0.3240817074287808,0.1962087989814683,0.3909178705875397,324.0817074287808,25368,50737
FedProx,8192,5,highest_validation_average_precision,80,result/splits_iid_scaling/splits_iid_8192_clients.json/FedProx/bestPRROC/run_5/model_round_80_run_1.pt,minimum_recall,0.5132108330726624,0.8,24665,14950.0,0.8157914543670869,0.388247719249064,0.8132240221821638,0.3917623275937134,2828,6943,14890,707,0.3430078327153373,0.8,0.6819951449640452,0.2894278988844539,0.4250713963625432,0.7409975724820226,5658,14140,29528,1411,0.3383304076074664,0.8003960956288018,0.6761930933406614,0.285786443075058,0.4211858413667324,0.6934978418116956,0.7382945944847316,0.3238069066593386,0.1996039043711982,0.3902083292271912,323.80690665933867,25368,50737
FedProx,16384,1,highest_validation_average_precision,80,result/splits_iid_scaling/splits_iid_16384_clients.json/FedProx/bestPRROC/run_1/model_round_80.pt,minimum_recall,0.4387963414192199,0.8,24662,15038.0,0.8138349543024,0.4003712411162011,0.8127465304151402,0.397800493191196,2828,6857,14976,707,0.3463892788173652,0.8,0.685934136399029,0.2919979349509551,0.4278366111951588,0.7429670681995145,5626,14053,29615,1443,0.336899860481499,0.7958692884424954,0.678185398919117,0.2858885105950505,0.4206669657544489,0.6945818633344502,0.7370273436808061,0.321814601080883,0.2041307115575046,0.3878629008415949,321.814601080883,25368,50737
FedProx,16384,2,highest_validation_average_precision,80,result/splits_iid_scaling/splits_iid_16384_clients.json/FedProx/bestPRROC/run_2/model_round_80.pt,minimum_recall,0.4355990290641784,0.8,24656,14990.0,0.8166643787148309,0.4028635468016962,0.8117629857811756,0.3956816236199532,2828,6908,14925,707,0.3443805036947127,0.8,0.6835982228736317,0.2904683648315529,0.4261924497023585,0.7417991114368159,5643,14059,29609,1426,0.3384389897729597,0.7982741547602207,0.6780479985343959,0.2864176225763882,0.4215755855216465,0.6947986676390011,0.7381610766473083,0.3219520014656041,0.2017258452397793,0.3883162189329286,321.9520014656041,25368,50737
FedProx,16384,3,highest_validation_average_precision,80,result/splits_iid_scaling/splits_iid_16384_clients.json/FedProx/bestPRROC/run_3/model_round_80.pt,minimum_recall,0.4236395955085754,0.8,24660,14716.0,0.810282884783561,0.3914984500964275,0.8094532281043478,0.3870230781722557,2828,7196,14637,707,0.3332234343572737,0.8,0.6704071817890349,0.2821229050279329,0.4171399070727929,0.7352035908945175,5682,14767,28901,1387,0.3287202707179339,0.8037912010185316,0.6618347531373088,0.2778619981417184,0.4129660585798386,0.6816130240258589,0.7328129770779201,0.3381652468626912,0.1962087989814683,0.4030392021601592,338.1652468626912,25368,50737
FedProx,16384,4,highest_validation_average_precision,79,result/splits_iid_scaling/splits_iid_16384_clients.json/FedProx/bestPRROC/run_4/model_round_79_run_1.pt,minimum_recall,0.4400680661201477,0.8,24662,15080.0,0.8176228372619702,0.4022153710853568,0.8137389205187723,0.3989130321614607,2828,6820,15013,707,0.3478530876330375,0.8,0.6876288187605918,0.2931177446102819,0.4290373966471971,0.7438144093802959,5643,13917,29751,1426,0.3412044218375857,0.7982741547602207,0.6812998076394614,0.2884969325153374,0.423823650906906,0.6975974141159311,0.739786981199841,0.3187001923605386,0.2017258452397793,0.3855174724559986,318.7001923605386,25368,50737
FedProx,16384,5,highest_validation_average_precision,80,result/splits_iid_scaling/splits_iid_16384_clients.json/FedProx/bestPRROC/run_5/model_round_80.pt,minimum_recall,0.4569988548755646,0.8,24664,15106.0,0.8165442563846651,0.3973456526386336,0.8123582740656089,0.3955649760250381,2828,6794,15039,707,0.3488849986111719,0.8,0.6888196766362845,0.2939097900644357,0.4298852321957893,0.7444098383181423,5648,13862,29806,1421,0.3427677445664912,0.798981468383081,0.6825593111660713,0.2894925679138903,0.4249971782234094,0.6987799830498452,0.7407703897745761,0.3174406888339287,0.2010185316169189,0.3845319983444035,317.44068883392873,25368,50737
