strategy,scaling_point,run,n_evaluated_checkpoints,first_evaluated_round,final_evaluated_round,best_test_ap,best_test_ap_round,ap_fraction,ap_fraction_threshold,first_round_reaching_fraction,test_ap_at_first_fraction_round,rounds_from_fraction_to_end,late_window_start_round,late_window_end_round,late_window_expected_rounds,late_window_observed_rounds,late_window_complete,late_window_missing_rounds,late_mean_test_ap,late_test_ap_slope_per_round,late_fitted_ap_change,late_test_ap_std,final_round_test_ap
SCAFFOLD,2,1,80,1,80,0.40847118202675736,80,0.99,0.40438647020648977,57,0.4045345348385137,23,70,80,11,11,True,,0.4076621520800218,0.00016982006415877267,0.0016982006415877104,0.0005652980592597964,0.40847118202675736
SCAFFOLD,2,2,80,1,80,0.40310948379514644,80,0.99,0.399078388957195,56,0.39909173690242966,24,70,80,11,11,True,,0.40218821017519546,0.0001678629473325817,0.00167862947332581,0.0005614133823387328,0.40310948379514644
SCAFFOLD,2,3,80,1,80,0.4081947434442654,80,0.99,0.4041127960098227,52,0.40422405765346603,28,70,80,11,11,True,,0.4074786129723261,0.00014118135639852868,0.001411813563985287,0.0004735860339582266,0.4081947434442654
SCAFFOLD,2,4,80,1,80,0.41554768607608367,80,0.99,0.4113922092153228,55,0.41151235527294555,25,70,80,11,11,True,,0.4148262727555487,0.0001447670285668154,0.0014476702856681678,0.00048208487108257947,0.41554768607608367
SCAFFOLD,2,5,80,1,80,0.40703328290637686,80,0.99,0.4029629500773131,55,0.4030268341735052,25,70,80,11,11,True,,0.40633520517379257,0.00015418910439176536,0.0015418910439176092,0.0005139956339914915,0.40703328290637686
SCAFFOLD,4,1,80,1,80,0.4012198295582819,80,0.99,0.3972076312626991,59,0.3972890787219321,21,70,80,11,11,True,,0.4003329217661236,0.0001746633002287434,0.00174663300228739,0.0005795239358208773,0.4012198295582819
SCAFFOLD,4,2,80,1,80,0.3996647102461169,80,0.99,0.3956680631436557,45,0.39580038965696623,35,70,80,11,11,True,,0.39918007965976354,0.00010025484750855953,0.001002548475085574,0.00033302857408927343,0.3996647102461169
SCAFFOLD,4,3,80,1,80,0.40549803172949317,80,0.99,0.4014430514121982,40,0.40155187080855503,40,70,80,11,11,True,,0.4051591619182611,6.78318423946914e-05,0.0006783184239469442,0.00022536843211813212,0.40549803172949317
SCAFFOLD,4,4,80,1,80,0.40234043977135137,80,0.99,0.39831703537363783,46,0.39841333018440006,34,70,80,11,11,True,,0.4018206570769147,0.00011027874146210415,0.0011027874146210537,0.00036705231783358284,0.40234043977135137
SCAFFOLD,4,5,80,1,80,0.4006290022614993,80,0.99,0.3966227122388843,54,0.3967803040381548,26,70,80,11,11,True,,0.3999846602403163,0.0001270987291217974,0.0012709872912179954,0.00042303047420575037,0.4006290022614993
SCAFFOLD,8,1,80,1,80,0.38578771758430974,80,0.99,0.3819298404084666,55,0.38202845755240245,25,70,80,11,11,True,,0.3851306570368486,0.00012339522892973736,0.001233952289297402,0.00041224851610332375,0.38578771758430974
SCAFFOLD,8,2,80,1,80,0.40072916723354135,79,0.99,0.3967218755612059,46,0.39674304306241925,34,70,80,11,11,True,,0.40030888708374895,9.409492360613627e-05,0.0009409492360613614,0.00031408291578783123,0.4007229973691687
SCAFFOLD,8,3,80,1,80,0.40026709782527553,80,0.99,0.3962644268470228,47,0.39648627325938146,33,70,80,11,11,True,,0.39988476387995875,8.158052614376479e-05,0.0008158052614376521,0.0002734034217329626,0.40026709782527553
SCAFFOLD,8,4,80,1,80,0.39502881461206135,80,0.99,0.3910785264659407,45,0.3910953458528327,35,70,80,11,11,True,,0.39464345502162834,7.784785329774705e-05,0.0007784785329775223,0.000259365335206128,0.39502881461206135
SCAFFOLD,8,5,80,1,80,0.3925303627297499,80,0.99,0.3886050591024524,51,0.38874976494507363,29,70,80,11,11,True,,0.39193932530570225,0.00011903349607788317,0.0011903349607788605,0.0003950905448363344,0.3925303627297499
SCAFFOLD,16,1,80,1,80,0.39848772160878804,80,0.99,0.39450284439270017,54,0.3945403599463613,26,70,80,11,11,True,,0.3978718082298384,0.00011370003395792003,0.0011370003395791972,0.00037868714589502734,0.39848772160878804
SCAFFOLD,16,2,80,1,80,0.39149762639446745,80,0.99,0.3875826501305228,56,0.38775491496324777,24,70,80,11,11,True,,0.39088654259260985,0.00012966500945143134,0.001296650094514351,0.0004307972934214207,0.39149762639446745
SCAFFOLD,16,3,80,1,80,0.4038262002757643,80,0.99,0.3997879382730067,47,0.3999638142314238,33,70,80,11,11,True,,0.4035162365357689,5.8977523333872854e-05,0.0005897752333387518,0.00020010104054900998,0.4038262002757643
SCAFFOLD,16,4,80,1,80,0.40493351021284407,79,0.99,0.4008841751107156,38,0.40099557246206846,42,70,80,11,11,True,,0.4047117642098079,4.7878758787783546e-05,0.00047878758787783804,0.000160981458108935,0.40492292105471406
SCAFFOLD,16,5,80,1,80,0.3881361898533634,80,0.99,0.38425482795482974,46,0.3844021820160421,34,70,80,11,11,True,,0.38773765062733107,8.98958140069038e-05,0.0008989581400690172,0.0003000453731059387,0.3881361898533634
SCAFFOLD,32,1,80,1,80,0.3896929734392921,80,0.99,0.38579604370489917,55,0.385925979213836,25,70,80,11,11,True,,0.38907550084469,0.00012918900386246643,0.0012918900386246768,0.000428709058845539,0.3896929734392921
SCAFFOLD,32,2,80,1,80,0.3877588731928007,80,0.99,0.3838812844608727,59,0.3840266850634525,21,70,80,11,11,True,,0.3870112605141175,0.00015509496789116537,0.0015509496789116173,0.0005146931238010707,0.3877588731928007
SCAFFOLD,32,3,80,1,80,0.3893081040903695,80,0.99,0.3854150230494658,54,0.38563641717010877,26,70,80,11,11,True,,0.3888656741354254,9.602803941024305e-05,0.0009602803941024529,0.0003193864812798955,0.3893081040903695
SCAFFOLD,32,4,80,1,80,0.38364113524934634,80,0.99,0.3798047238968529,62,0.3799490769211892,18,70,80,11,11,True,,0.38276093538637423,0.00018899702436966858,0.0018899702436966925,0.000627679298877768,0.38364113524934634
SCAFFOLD,32,5,80,1,80,0.3926827122792544,80,0.99,0.38875588515646187,47,0.38886061323405163,33,70,80,11,11,True,,0.39225152201194874,8.614146653483904e-05,0.0008614146653483923,0.0002858074409091043,0.3926827122792544
SCAFFOLD,64,1,80,1,80,0.3910504742856794,80,0.99,0.3871399695428226,58,0.38716312550105136,22,70,80,11,11,True,,0.3903593695881067,0.00014441375902930626,0.0014441375902930487,0.0004796718877469442,0.3910504742856794
SCAFFOLD,64,2,80,1,80,0.3943412311954632,80,0.99,0.3903978188835086,55,0.39054149894850765,25,70,80,11,11,True,,0.3936644834873478,0.00013694090955212248,0.0013694090955212457,0.0004543630610742178,0.3943412311954632
SCAFFOLD,64,3,80,1,80,0.389956353935263,80,0.99,0.3860567903959104,66,0.38618682900374995,14,70,80,11,11,True,,0.3887023083428487,0.00025932673747786745,0.0025932673747787183,0.0008607163962320194,0.389956353935263
SCAFFOLD,64,4,80,1,80,0.39105338370625947,80,0.99,0.3871428498691969,62,0.3872712282359056,18,70,80,11,11,True,,0.39016091237814654,0.000187298822360403,0.001872988223604044,0.0006215395638946715,0.39105338370625947
SCAFFOLD,64,5,80,1,80,0.3916074993504666,80,0.99,0.38769142435696197,62,0.3879075388717127,18,70,80,11,11,True,,0.39069640838098113,0.00018794029522888053,0.0018794029522888334,0.0006234568546852692,0.3916074993504666
SCAFFOLD,128,1,80,1,80,0.38992053167973306,80,0.99,0.38602132636293573,61,0.38620709635957384,19,70,80,11,11,True,,0.38909604103778206,0.00017134508018557237,0.0017134508018557537,0.0005686790103775833,0.38992053167973306
SCAFFOLD,128,2,80,1,80,0.38869629607807377,80,0.99,0.38480933311729304,60,0.3849936826322011,20,70,80,11,11,True,,0.3879013209837526,0.00016593852503899562,0.0016593852503899442,0.0005507423636664731,0.38869629607807377
SCAFFOLD,128,3,80,1,80,0.3923133725498803,80,0.99,0.3883902388243815,55,0.38856768828767607,25,70,80,11,11,True,,0.39178021902074056,0.00010952723110432252,0.0010952723110432272,0.0003637356050841093,0.3923133725498803
SCAFFOLD,128,4,80,1,80,0.38155718330860866,80,0.99,0.37774161147552254,69,0.3779375222085213,11,70,80,11,11,True,,0.38000684400757834,0.0003222821542091088,0.003222821542091081,0.001069453004633493,0.38155718330860866
SCAFFOLD,128,5,80,1,80,0.37711878652305636,80,0.99,0.3733475986578258,64,0.3734515405179848,16,70,80,11,11,True,,0.3760434589294943,0.00022196854593842913,0.002219685459384335,0.0007364684716592592,0.37711878652305636
SCAFFOLD,256,1,80,1,80,0.38414329641969,80,0.99,0.38030186345549305,62,0.38055158845946874,18,70,80,11,11,True,,0.38330069269724676,0.00017765309934330645,0.0017765309934330564,0.0005898366270997818,0.38414329641969
SCAFFOLD,256,2,80,1,80,0.394193222070198,80,0.99,0.39025128984949603,63,0.3904675544862573,17,70,80,11,11,True,,0.3932421456504651,0.00019601635600504427,0.001960163560050465,0.0006506539762320559,0.394193222070198
SCAFFOLD,256,3,80,1,80,0.38110965720627876,80,0.99,0.37729856063421596,65,0.3775176561266769,15,70,80,11,11,True,,0.3799784004443321,0.00022878210354642918,0.0022878210354643214,0.0007589711653815998,0.38110965720627876
SCAFFOLD,256,4,80,1,80,0.38296040566972445,80,0.99,0.3791308016130272,67,0.37946466753631625,13,70,80,11,11,True,,0.3817057635578802,0.0002597498890969499,0.0025974988909694963,0.0008617294141486572,0.38296040566972445
SCAFFOLD,256,5,80,1,80,0.39415489110709945,80,0.99,0.39021334219602843,64,0.39041181690595317,16,70,80,11,11,True,,0.3931045890437472,0.00021630801895522255,0.0021630801895522467,0.0007179724514652761,0.39415489110709945
SCAFFOLD,512,1,80,1,80,0.38805535037126865,80,0.99,0.38417479686755596,66,0.38440200250600665,14,70,80,11,11,True,,0.3868578436157337,0.0002460404993220431,0.002460404993220422,0.0008165739084876387,0.38805535037126865
SCAFFOLD,512,2,80,1,80,0.3920042922940199,80,0.99,0.3880842493710797,58,0.388224928173539,22,70,80,11,11,True,,0.39131579646268566,0.0001414837204241998,0.0014148372042420143,0.0004694057219587638,0.3920042922940199
SCAFFOLD,512,3,80,1,80,0.3897713284964883,80,0.99,0.3858736152115234,63,0.38609427375182265,17,70,80,11,11,True,,0.38878881285712946,0.0001980033767060051,0.0019800337670600743,0.000656781874058386,0.3897713284964883
SCAFFOLD,512,4,80,1,80,0.3915407980714965,80,0.99,0.3876253900907815,61,0.38766096740239386,19,70,80,11,11,True,,0.39068767003329885,0.00017956531372906328,0.0017956531372906315,0.0005960819949194318,0.3915407980714965
SCAFFOLD,512,5,80,1,80,0.3915097085864467,80,0.99,0.3875946115005822,62,0.38780007915575565,18,70,80,11,11,True,,0.3906050511102906,0.00018781645105806407,0.0018781645105806488,0.0006231893460401793,0.3915097085864467
SCAFFOLD,1024,1,80,1,80,0.3884900401935959,80,0.99,0.38460513979165994,60,0.3846617578089796,20,70,80,11,11,True,,0.3876461460234297,0.0001728638919066188,0.0017286389190662166,0.0005735124485483675,0.3884900401935959
SCAFFOLD,1024,2,80,1,80,0.3817499920344619,80,0.99,0.3779324921141173,67,0.37799754335808944,13,70,80,11,11,True,,0.38044139493963447,0.000274847785854622,0.0027484778585462055,0.0009124971683158271,0.3817499920344619
SCAFFOLD,1024,3,80,1,80,0.3940186617027615,80,0.99,0.3900784750857339,55,0.3902427184491367,25,70,80,11,11,True,,0.3934059621891777,0.0001266145791715744,0.0012661457917157448,0.00042025642055816315,0.3940186617027615
SCAFFOLD,1024,4,80,1,80,0.39257035768040516,80,0.99,0.3886446541036011,59,0.3886782705841872,21,70,80,11,11,True,,0.3917873352027025,0.00015955799087711653,0.0015955799087711275,0.0005292849797697545,0.39257035768040516
SCAFFOLD,1024,5,80,1,80,0.3910308524467078,80,0.99,0.38712054392224077,61,0.3872477543103927,19,70,80,11,11,True,,0.3902125614149906,0.00017043775323128516,0.0017043775323128951,0.0005655482059392009,0.3910308524467078
SCAFFOLD,2048,1,80,1,80,0.3966005851385301,80,0.99,0.3926345792871448,59,0.3926597418338083,21,70,80,11,11,True,,0.39583606778144786,0.0001578508644167598,0.0015785086441676421,0.0005239248168502093,0.3966005851385301
SCAFFOLD,2048,2,80,1,80,0.38842560118241726,80,0.99,0.3845413451705931,63,0.3848066400372635,17,70,80,11,11,True,,0.3874958410515745,0.00019408370660128167,0.0019408370660127794,0.0006443715280097621,0.38842560118241726
SCAFFOLD,2048,3,80,1,80,0.3908137500933158,80,0.99,0.38690561259238265,63,0.38709798406997764,17,70,80,11,11,True,,0.38983293096783106,0.0001996347729887817,0.0019963477298878263,0.0006623073609422838,0.3908137500933158
SCAFFOLD,2048,4,80,1,80,0.38129789429277006,80,0.99,0.37748491534984235,57,0.3775483271934743,23,70,80,11,11,True,,0.3806193883169979,0.0001407729152906735,0.0014077291529067115,0.0004671080327305668,0.38129789429277006
SCAFFOLD,2048,5,80,1,80,0.38677812059175315,80,0.99,0.38291033938583563,59,0.383030976798327,21,70,80,11,11,True,,0.38602187096165275,0.00015555627501117833,0.0015555627501117608,0.0005162625639209607,0.38677812059175315
SCAFFOLD,4096,1,80,1,80,0.39248332067072045,80,0.99,0.3885584874640132,57,0.38876393409069215,23,70,80,11,11,True,,0.39180784738357544,0.00013920532097362273,0.0013920532097362326,0.0004618971638861809,0.39248332067072045
SCAFFOLD,4096,2,80,1,80,0.3978966622031722,80,0.99,0.3939176955811405,58,0.39405144381208135,22,70,80,11,11,True,,0.39721509459303345,0.00014451157056403677,0.0014451157056403763,0.0004802225804513865,0.3978966622031722
SCAFFOLD,4096,3,80,1,80,0.38956134622097044,80,0.99,0.3856657327587607,68,0.3858579689378463,12,70,80,11,11,True,,0.3881057484407838,0.00030148903644178313,0.0030148903644178215,0.001000941291049661,0.38956134622097044
SCAFFOLD,4096,4,80,1,80,0.3850649858965608,80,0.99,0.3812143360375952,52,0.38138615498979783,28,70,80,11,11,True,,0.384580248451245,9.959205510405232e-05,0.00099592055104053,0.0003305078208436085,0.3850649858965608
SCAFFOLD,4096,5,80,1,80,0.38553071578708165,80,0.99,0.38167540862921084,43,0.38173296930349954,37,70,80,11,11,True,,0.3852424921468607,6.191382817373784e-05,0.0006191382817374302,0.00020570729323953055,0.38553071578708165
SCAFFOLD,8192,1,18,1,80,0.3870746037231544,80,0.99,0.38320385768592286,60,0.38374512607061856,20,70,80,11,11,True,,0.38634717406415575,0.0001476245059007385,0.0014762450590073972,0.0004897896620094139,0.3870746037231544
SCAFFOLD,8192,2,80,1,80,0.38929487325352424,80,0.99,0.385401924520989,65,0.3855923894102028,15,70,80,11,11,True,,0.38816961138610845,0.00023163495285271655,0.002316349528527162,0.0007685317402555536,0.38929487325352424
SCAFFOLD,8192,3,80,1,80,0.3853494921025985,80,0.99,0.3814959971815725,62,0.3815653587042231,18,70,80,11,11,True,,0.3844512829702612,0.00018999552906892893,0.0018999552906892592,0.0006309042620440108,0.3853494921025985
SCAFFOLD,8192,4,80,1,80,0.3867667600652738,80,0.99,0.382899092464621,62,0.38289967126605273,18,70,80,11,11,True,,0.38576820395263367,0.00020150236852962242,0.002015023685296269,0.00066851461086177,0.3867667600652738
SCAFFOLD,8192,5,80,1,80,0.38529182789272115,80,0.99,0.38143890961379395,66,0.3816488794510721,14,70,80,11,11,True,,0.38408600667062776,0.00025159975767271935,0.0025159975767272136,0.0008350690061383338,0.38529182789272115
SCAFFOLD,16384,1,18,1,80,0.39099221213716134,80,0.99,0.38708229001578975,70,0.38765146614792056,10,70,80,11,11,True,,0.3893794131259824,0.0003332620718284975,0.0033326207182849954,0.001105862574389043,0.39099221213716134
SCAFFOLD,16384,2,18,1,80,0.3926859703571526,80,0.99,0.38875911065358104,60,0.38967074042608674,20,70,80,11,11,True,,0.39198703823614783,0.00014087783069389187,0.0014087783069389181,0.0004672755467742519,0.3926859703571526
SCAFFOLD,16384,3,18,1,80,0.38573730611896934,80,0.99,0.3818799330577796,70,0.3837867000524651,10,70,80,11,11,True,,0.3847888464914612,0.00019657623714796612,0.0019657623714796624,0.0006521765091264566,0.38573730611896934
SCAFFOLD,16384,4,18,1,80,0.39376607750826553,80,0.99,0.38982841673318286,70,0.3910897147985431,10,70,80,11,11,True,,0.39246059856210336,0.00026310709698155755,0.0026310709698155743,0.000873004933499523,0.39376607750826553
SCAFFOLD,16384,5,18,1,80,0.387294646451084,80,0.99,0.38342169998657316,70,0.38529526230254163,10,70,80,11,11,True,,0.38632083709096593,0.00019807561233896402,0.0019807561233896043,0.0006573107697269407,0.387294646451084
