 strategy,threshold_regime,scaling_point,n_runs,selected_threshold_mean,selected_threshold_std,selected_threshold_min,selected_threshold_max,test_mcc_mean,test_mcc_std,test_mcc_min,test_mcc_max,test_recall_mean,test_recall_std,test_recall_min,test_recall_max,test_specificity_mean,test_specificity_std,test_specificity_min,test_specificity_max,validation_mcc_mean,validation_mcc_std,validation_mcc_min,validation_mcc_max,validation_recall_mean,validation_recall_std,validation_recall_min,validation_recall_max,validation_specificity_mean,validation_specificity_std,validation_specificity_min,validation_specificity_max,test_precision_mean,test_precision_std,test_precision_min,test_precision_max,test_f1_mean,test_f1_std,test_f1_min,test_f1_max,test_balanced_accuracy_mean,test_balanced_accuracy_std,test_balanced_accuracy_min,test_balanced_accuracy_max,test_false_positive_rate_mean,test_false_positive_rate_std,test_false_positive_rate_min,test_false_positive_rate_max,test_false_positives_per_1000_negatives_mean,test_false_positives_per_1000_negatives_std,test_false_positives_per_1000_negatives_min,test_false_positives_per_1000_negatives_max
FedProx,mcc_optimal,2,5,0.7451138377189637,0.0155988217823799,0.7297245860099792,0.7698737978935242,0.3678386775658973,0.0019239154177212,0.3653988948102357,0.370071227190854,0.6102419012590181,0.0248748032361624,0.5866459188003961,0.6442212477012307,0.8346661170651279,0.0130794694027231,0.8159521846661171,0.8468672712283595,0.3810801180681306,0.0034460095093214,0.3764763970224335,0.3846173480223976,0.6194059405940594,0.0250530148160358,0.5985855728429986,0.6568599717114568,0.8394448770210232,0.012904227493111,0.8208674941602162,0.8523794256400861,0.3744728858575936,0.0087669074947113,0.36168691922802,0.3827764445264907,0.4637758781222846,0.0011254880919227,0.4624398872367475,0.4650992302455883,0.722454009162073,0.0059368870387783,0.7167565950143777,0.7300867161836739,0.1653338829348721,0.0130794694027231,0.1531327287716405,0.1840478153338829,165.33388293487218,13.079469402723133,153.13272877164053,184.04781533388297
FedProx,mcc_optimal,4,5,0.7346866488456726,0.0247211472423117,0.7102178335189819,0.767267107963562,0.3674218266187349,0.0018822903585994,0.3647346343275645,0.3700567061443411,0.6219833073985005,0.0391835659818089,0.576884990804923,0.6619040882727402,0.8273197764953741,0.0214636866042976,0.806242557479161,0.8529128881560868,0.3760458361610104,0.0028643577021346,0.371702505661958,0.3787724654868633,0.6241584158415842,0.0412278706783511,0.5770862800565771,0.6633663366336634,0.8327027893555627,0.021396861730354,0.812577291256355,0.8580589016626208,0.3695229570131889,0.0148150610450506,0.3560882800608828,0.3883439672412151,0.4626877201935138,0.0010355053718491,0.4615076984603079,0.4642003414911781,0.7246515419469374,0.0088795678277595,0.7148989394805049,0.7340733228759506,0.1726802235046258,0.0214636866042976,0.1470871118439132,0.193757442520839,172.68022350462584,21.46368660429764,147.08711184391322,193.75744252083905
FedProx,mcc_optimal,8,5,0.711932110786438,0.0252495078526297,0.6748619675636292,0.7356060147285461,0.3629467863682957,0.0008353331874505,0.3618386982162018,0.364172342662638,0.645664167491866,0.0440703955005557,0.6111189701513651,0.7087282501060971,0.8094531464688103,0.0272828744074096,0.7700375561051571,0.8306769258953925,0.3757227683447406,0.0038102860616958,0.3711871185563389,0.3798111916583888,0.6544837340876946,0.0426967744729531,0.6152758132956153,0.7154172560113154,0.8146200705354281,0.0268678488958406,0.7757981037878441,0.8345165575046948,0.3557459258495706,0.0163076715268724,0.3328461334041988,0.368789482670309,0.4576596903410634,0.0031923471453078,0.4529632475927851,0.4605684863132454,0.7275586569803381,0.00840933311593,0.7208462341779152,0.7393829031056272,0.1905468535311898,0.0272828744074095,0.1693230741046074,0.2299624438948428,190.54685353118987,27.282874407409604,169.32307410460746,229.9624438948429
FedProx,mcc_optimal,16,5,0.6991792321205139,0.0290528279664703,0.671056866645813,0.743622362613678,0.3590322345608432,0.00120287460983,0.357823279615183,0.3607667037278394,0.6624133540811996,0.0381546499060733,0.6012165794313199,0.6957136794454661,0.7959466886507283,0.0236770306831026,0.7743198680956307,0.8328982321150499,0.3701628107367185,0.0028296787723984,0.3668436338138054,0.3746651972169162,0.667043847241867,0.0368218612584819,0.6070721357850071,0.7018387553041019,0.802619887326524,0.022921042031727,0.7805615352906151,0.8383639444877021,0.3455785911105968,0.0143156145110215,0.3329046232992622,0.3680609682168528,0.4533838801796194,0.0028337984861662,0.4503250618075268,0.4565964761495488,0.7291800213659638,0.0072914226974514,0.7170574057731849,0.7350167737705484,0.2040533113492717,0.0236770306831026,0.1671017678849501,0.2256801319043693,204.05331134927175,23.67703068310261,167.10176788495014,225.68013190436932
FedProx,mcc_optimal,32,5,0.6325736045837402,0.1558007192610568,0.3554819226264953,0.729727029800415,0.3486969145662017,0.0030528811524534,0.3460568746810577,0.3526036865024459,0.6552836327627671,0.0264492550084887,0.6111189701513651,0.6811430188145424,0.7916094165063663,0.0184231051428046,0.7726023632866172,0.8214940001832005,0.3609582443049204,0.0070826656354241,0.3493277883768539,0.3687236023898366,0.6613295615275814,0.0251628141609674,0.6178217821782178,0.6789250353606789,0.79848852654239,0.0178825463814269,0.7778592039573123,0.8260431456968809,0.337985820750639,0.0115275624829978,0.3265513733468972,0.3565827486586875,0.4455083271698138,0.0038239010204633,0.4414596130925094,0.4503753127606338,0.7234465246345666,0.0042331613200511,0.7163064851672828,0.7268726910505798,0.2083905834936337,0.0184231051428046,0.1785059998167995,0.2273976367133827,208.39058349363376,18.423105142804665,178.5059998167995,227.39763671338275
FedProx,mcc_optimal,64,5,0.6984179854393006,0.0320381452197457,0.6695119738578796,0.7435513734817505,0.3503096424778006,0.0033321245671791,0.3463130686683519,0.3544597771883823,0.6549441222237941,0.0573181054804757,0.5740557363134814,0.7051916819917952,0.7925712191994138,0.0336191855144364,0.7624347348172575,0.8391499496198589,0.3610503110359213,0.0040390172271338,0.3552697686400142,0.3661155648357922,0.660990099009901,0.0532447196447812,0.5898161244695899,0.7072135785007072,0.7980305042825081,0.0329124706049175,0.7701644299912975,0.8449594650300004,0.3402161145626677,0.018062528902954,0.3243597301368965,0.3661793900018047,0.4461892329113316,0.0021591812098023,0.4434097421203438,0.4487083489329839,0.7237576707116038,0.0119252661457023,0.7066028429666702,0.7338132084045264,0.2074287808005862,0.0336191855144364,0.1608500503801411,0.2375652651827424,207.42878080058625,33.61918551443642,160.8500503801411,237.56526518274245
FedProx,mcc_optimal,128,5,0.6761372089385986,0.0325011806814529,0.6354466676712036,0.7089589834213257,0.3512626952368657,0.0025784952679959,0.3487077183776964,0.3553072215395584,0.6812844815391144,0.045287408340104,0.6326213042863206,0.7398500495119535,0.7764449940459833,0.0317191407795183,0.7342905560135569,0.8117614729321242,0.3640401722044576,0.0044727928671767,0.3588538793912967,0.369745997750781,0.6893917963224894,0.0483432083530846,0.6333804809052334,0.7465346534653465,0.7827875234736409,0.0317844117405384,0.742225072138506,0.8176613383410434,0.3318943911503032,0.01652680163481,0.3106992217667677,0.3523479357075323,0.4452953068372298,0.0055839323650843,0.4376202828215212,0.4526086736501189,0.7288647377925489,0.0068577771970924,0.7221913886092224,0.7370703027627552,0.2235550059540166,0.0317191407795183,0.1882385270678758,0.2657094439864431,223.55500595401665,31.719140779518376,188.2385270678758,265.70944398644315
FedProx,mcc_optimal,256,5,0.6434939563274383,0.1033848876924793,0.4670514166355133,0.7185571193695068,0.3471756298639469,0.0046142206951654,0.3405088521050106,0.3508773720453637,0.6566133823737446,0.0515041477222182,0.6159287027868157,0.7418305276559627,0.7886461482092149,0.0354393700683614,0.7281533388293487,0.8175322890904094,0.3603690121289508,0.0039232367039475,0.357173827017429,0.3647890632389479,0.6647807637906648,0.0514521087078666,0.6240452616690241,0.751909476661952,0.7950258782576834,0.0350776191487969,0.7351257271103375,0.821325516420098,0.3365770154141636,0.0178916903839828,0.3063978965819456,0.3537188741990429,0.4437089102689753,0.0063922527837287,0.4336751571286801,0.4496339828848334,0.7226297652914797,0.0084891178209325,0.7127916849099416,0.7349919332426558,0.2113538517907849,0.0354393700683614,0.1824677109095905,0.2718466611706512,211.35385179078503,35.4393700683615,182.46771090959055,271.84666117065126
FedProx,mcc_optimal,512,5,0.6940200924873352,0.042149725022325,0.6385380029678345,0.7432970404624939,0.3521596333289976,0.0028887137639639,0.3471490825169077,0.354091642772368,0.6559060687508842,0.0565241927227251,0.586504456075824,0.7275427924741831,0.7932215810204268,0.0379857901724462,0.7415498763396537,0.8372721443620043,0.3628845585194311,0.0039119203985866,0.3559629407986984,0.3655798271040919,0.662065063649222,0.0569132868046548,0.5909476661951909,0.7335219236209335,0.7985618101039711,0.0382396198831418,0.7462098657994779,0.8431731782164613,0.3419294577963935,0.0220515141795026,0.3130440075476292,0.3684678279416992,0.4476767766718655,0.0060905972630348,0.4377393820750702,0.4525953823481251,0.7245638248856554,0.0094535617029925,0.7118883002189141,0.7345463344069184,0.206778418979573,0.0379857901724462,0.1627278556379957,0.2584501236603462,206.77841897957313,37.985790172446286,162.72785563799573,258.45012366034626
FedProx,mcc_optimal,1024,5,0.6765053033828735,0.0243175135361034,0.6521395444869995,0.7034011483192444,0.35189624613557,0.00135966824801,0.3504950468881794,0.3540200524840337,0.6726552553402179,0.0310492151166079,0.6388456641674919,0.7043429056443627,0.7832325730512045,0.0201312104889741,0.7621141339195749,0.8054410552349547,0.3617668309539598,0.002694429778184,0.3595867301564614,0.3652718401878788,0.6774540311173973,0.0334364118002738,0.6427157001414427,0.7134370579915135,0.7890257866532313,0.019295363976995,0.7690651765675812,0.8092337287592177,0.3350202529825678,0.0105543328246049,0.3240059868549489,0.3470642483861051,0.4467940013987969,0.0026835053544093,0.4438402567302549,0.4497783974901648,0.7279439141957111,0.005525787896957,0.7218478698301396,0.7332285197819688,0.2167674269487954,0.0201312104889741,0.1945589447650453,0.237885866080425,216.7674269487955,20.131210488974183,194.5589447650453,237.88586608042505
FedProx,mcc_optimal,2048,5,0.6961683869361878,0.0164790326555183,0.6798362731933594,0.7162085175514221,0.3514031492972831,0.0053320940166756,0.3454300043624934,0.3594790096945107,0.6465412363842128,0.0259522611913544,0.614655538265667,0.6718064789927854,0.7996610790510215,0.0148322656391212,0.7840981954749473,0.8204634972977924,0.3610866155132067,0.0042594445126846,0.3571637477810724,0.3674468217264283,0.648939179632249,0.0246386552621405,0.6158415841584158,0.6721357850070722,0.8063665094123573,0.0154181341420987,0.7889891448724408,0.8276462236064672,0.3435544098239199,0.0086296444336801,0.3332390381895332,0.3565859663520722,0.4483665378031083,0.0039608069436974,0.444339667122448,0.4534300854537643,0.7231011577176171,0.006213341885163,0.7162636151717341,0.7313758968198332,0.2003389209489786,0.0148322656391212,0.1795365027022075,0.2159018045250527,200.33892094897865,14.832265639121292,179.53650270220754,215.9018045250527
FedProx,mcc_optimal,4096,5,0.6728492498397827,0.026177567636868,0.6451794505119324,0.7088867425918579,0.3514534976745983,0.0037773864807008,0.3452247053082549,0.3547042896663251,0.6675060121657943,0.0387825419377493,0.601640967605036,0.7050502192672231,0.7861500412201153,0.021553350082922,0.764152239626271,0.8222039021709261,0.3611674440133265,0.0033245272822249,0.3555303081692985,0.3636371153198675,0.672984441301273,0.0346185200357077,0.6161244695898161,0.7106082036775107,0.7912426143910594,0.0210519258165435,0.7692941876975221,0.8262263546008336,0.3363970592728376,0.0104569617905822,0.3261139828567689,0.3539152866772073,0.4466971758038203,0.0013879894660211,0.445666981033218,0.4490792934986847,0.726828026692955,0.0086704524860395,0.7119224348879811,0.734601229446747,0.2138499587798845,0.021553350082922,0.1777960978290739,0.235847760373729,213.8499587798846,21.553350082922073,177.79609782907391,235.84776037372905
FedProx,mcc_optimal,8192,5,0.6491156101226807,0.0309249926342339,0.6079264283180237,0.6808599233627319,0.3500336504426521,0.0036086714108667,0.3459841854854425,0.3556239975973376,0.6627245720752581,0.0423175047372424,0.6172018673079643,0.7193379544490027,0.7876156453238069,0.0283295340992703,0.748351195383347,0.8168910872950444,0.3613565136481695,0.0043324156455108,0.3549419113937722,0.3667371911762018,0.6667043847241867,0.0458494368078648,0.6147100424328147,0.7258840169731259,0.7950441991480786,0.0284412166840694,0.7576604222965236,0.824577474465259,0.33696219548807,0.0155685534309458,0.3163493840985442,0.3557328176617517,0.4458134572338029,0.0049222983426187,0.4394417318411615,0.4532854209445585,0.7251701086995326,0.0072611758590226,0.7153175224604309,0.7338445749161748,0.212384354676193,0.0283295340992703,0.1831089127049555,0.2516488046166529,212.3843546761931,28.329534099270376,183.10891270495551,251.64880461665297
FedProx,mcc_optimal,16384,5,0.5996578574180603,0.0052670000556823,0.5926883816719055,0.6074913740158081,0.3496262908640409,0.0023130807482767,0.3466903077040575,0.353104878871001,0.653303154618758,0.0082038623621737,0.6456358749469515,0.6668552836327628,0.7940001832005129,0.0060804435508238,0.7848080974626729,0.8018915452963268,0.3583443870842402,0.0031224179976696,0.3527826415167854,0.3600051209220705,0.6562942008486562,0.0100055101464369,0.6458274398868459,0.6724186704384724,0.7996885448632803,0.0060467265408401,0.79077543168598,0.807539046397655,0.3393023627351398,0.0040530013878746,0.3340656225639572,0.3453651153991676,0.4465929395257115,0.0021401768580026,0.4444983034415899,0.450009859988168,0.7236516689096355,0.0015559710398811,0.7215278083101168,0.7258316905477178,0.205999816799487,0.0060804435508238,0.1981084547036732,0.2151919025373271,205.99981679948704,6.080443550823825,198.10845470367323,215.1919025373271
FedProx,minimum_recall,2,5,0.5972170948982238,0.0115070682817365,0.5873941779136658,0.6129001975059509,0.3549502331919435,0.0008603172240339,0.354063536412753,0.3561192792667447,0.796520016975527,0.0039236466061143,0.7919083321544773,0.8012448719762343,0.6984840157552441,0.0034765359592844,0.6950169460474489,0.7021846661170651,0.3630520286955655,0.002843814613995,0.3595626342320235,0.366198893169553,0.8,0.0,0.8,0.8,0.704841295286951,0.0031587600705353,0.700957266523153,0.7083314249072505,0.2995553517781702,0.0014508274560711,0.2979811290917716,0.301245570707613,0.435368606522468,0.0010384349803364,0.4341781874039938,0.4367386651099436,0.7475020163653856,0.0005411417085674,0.7470023527750699,0.7482568593645026,0.3015159842447558,0.0034765359592844,0.2978153338829349,0.3049830539525511,301.5159842447559,3.4765359592844582,297.8153338829349,304.9830539525511
FedProx,minimum_recall,4,5,0.6001363635063172,0.0051125819431829,0.5944680571556091,0.6072379350662231,0.3550901226778509,0.0020117899924063,0.3531017023288734,0.3582120399018736,0.7964068467958694,0.0039221162231895,0.7928985712264818,0.802659499221955,0.698735916460566,0.0022264115526218,0.6954749473298525,0.7006274617568929,0.3633431621491495,0.0015911519192107,0.3612826258318763,0.3655341322240502,0.8,0.0,0.8,0.8,0.7051710713140659,0.0017656149193785,0.7028809600146567,0.7075985892914396,0.2996937315911764,0.0011454536784708,0.2977768389924486,0.300572468032743,0.4355013810904667,0.0013419454036115,0.4336691532723217,0.4371845744885773,0.7475713816282177,0.0014695099935624,0.7463508153375241,0.7500290259689513,0.3012640835394339,0.0022264115526219,0.299372538243107,0.3045250526701475,301.26408353943395,2.226411552621895,299.37253824310704,304.5250526701475
FedProx,minimum_recall,8,5,0.5926364898681641,0.0063003098884461,0.5832352042198181,0.598623514175415,0.3534707475594429,0.0014679993093374,0.3518504013779212,0.3557891821542352,0.7963502617060404,0.0051953618021844,0.791201018531617,0.8047814400905361,0.69693597142072,0.0047931590244129,0.6884675277090776,0.7000778602180087,0.3616924208000673,0.0038347235574796,0.3550943610390322,0.3646220041197534,0.8,0.0,0.8,0.8,0.7033206613841432,0.0042984114075631,0.6959190216644529,0.7065909403196995,0.2984469660120359,0.0020446773083575,0.2948737884206707,0.3000372717107715,0.4341664751811923,0.0015870810659379,0.4316060996889462,0.4359767891682785,0.7466431165633802,0.0008781632144558,0.7456394393748128,0.7480491050198819,0.30306402857928,0.0047931590244129,0.2999221397819913,0.3115324722909224,303.06402857928003,4.793159024412922,299.92213978199135,311.5324722909224
FedProx,minimum_recall,16,5,0.583736777305603,0.0079073472762667,0.573513388633728,0.59358149766922,0.3483584153055911,0.0010765264372112,0.3470251610162029,0.3499022801658626,0.7990380534729099,0.0053462804453043,0.7936058848493422,0.8071863064082614,0.6889896491710177,0.0039018712247632,0.6830173124484749,0.692726939635431,0.3551654131298224,0.0046563726935653,0.3486466229969754,0.360872395954538,0.8,0.0,0.8,0.8,0.6959739843356388,0.0052854855913158,0.6885448632803555,0.7024229377547749,0.2937453599943421,0.0013287742431339,0.2918968692449355,0.2948286735337397,0.4295626678394393,0.0009008884926128,0.4285009674849186,0.4306205532092987,0.7440138513219638,0.0009841973518148,0.7431664122423867,0.7451018094283681,0.3110103508289823,0.0039018712247632,0.307273060364569,0.3169826875515251,311.0103508289823,3.9018712247632337,307.273060364569,316.98268755152515
FedProx,minimum_recall,32,5,0.5015923231840134,0.1556864428023584,0.2231640666723251,0.5768868923187256,0.3371880872540492,0.006425932444888,0.3259556951539189,0.3413998974193417,0.8003678030838873,0.002551040108383,0.7982741547602207,0.8047814400905361,0.6748145094806265,0.0075582944347461,0.6619034533296694,0.6815288082806632,0.3433030742742343,0.0060303810708752,0.3330706315169288,0.3477738226929793,0.8,0.0,0.8,0.8,0.6822974396555673,0.0071045586575692,0.6702239728850822,0.6875372143086154,0.2849739483091896,0.0046493426586565,0.2768771122104129,0.2886445012787724,0.4202812386215352,0.0051138409693444,0.4113366804918867,0.4239828693790149,0.737591156282257,0.0039029453345265,0.7307961176678054,0.7402010159140965,0.3251854905193734,0.0075582944347461,0.3184711917193368,0.3380965466703306,325.18549051937345,7.5582944347461405,318.4711917193368,338.0965466703306
FedProx,minimum_recall,64,5,0.5689733386039734,0.0088442693333548,0.5593429207801819,0.5820150971412659,0.337669245579926,0.0018144046228519,0.3356108394785101,0.3391988280440077,0.8001131701796578,0.0074412620341419,0.7917668694299053,0.8093082472768426,0.6756068516991848,0.006627216835118,0.6657964642300999,0.6816891087295044,0.3449150278474561,0.0068074849903997,0.3361761599762075,0.3532009610293418,0.8,0.0,0.8,0.8,0.6841661704758851,0.0079349365774478,0.6739339531901251,0.6937663170430083,0.2853770091060408,0.0024277151553907,0.2816145705143982,0.287873354167734,0.4206830005001453,0.0018842101692488,0.4178352322524101,0.4226718820520536,0.7378600109394213,0.0012301359066459,0.7358806867072583,0.7390419743111623,0.3243931483008152,0.006627216835118,0.3183108912704956,0.3342035357699001,324.39314830081526,6.62721683511806,318.31089127049563,334.20353576990016
FedProx,minimum_recall,128,5,0.5765224456787109,0.0095579697228076,0.563787043094635,0.586703360080719,0.3434613413084777,0.0018235227478255,0.3421288648662968,0.3461510921872927,0.79564294808318,0.0059562358995912,0.7896449285613241,0.8032253501202433,0.6860218008610424,0.0052766488548804,0.6807273060364569,0.6930017404048732,0.3520420430689887,0.004480176734983,0.347734196249572,0.357809716393201,0.8,0.0,0.8,0.8,0.6924197315989556,0.00511239842437,0.6874914120826272,0.6989877708056611,0.2909116451902845,0.0021533850084878,0.2886734693877551,0.2942724784165087,0.4260342172213572,0.0017426898201706,0.4243128726236454,0.428927680798005,0.7408323744721111,0.0011880872826508,0.7395485795137846,0.7422396788157322,0.3139781991389576,0.0052766488548804,0.3069982595951268,0.3192726939635431,313.9781991389576,5.276648854880463,306.99825959512685,319.2726939635431
FedProx,minimum_recall,256,5,0.5180878221988678,0.1390976111189234,0.2694319784641266,0.5890415906906128,0.3371786455093984,0.0055969686864738,0.3274196277880447,0.3407955960745458,0.7941151506578017,0.0047433276354331,0.7861083604470223,0.7975668411373603,0.6798845836768344,0.0079716139587679,0.6661628652560228,0.6868874232847852,0.3476263121462286,0.0070334189894334,0.335407145472054,0.3532813418974139,0.8,0.0,0.8,0.8,0.6873082031786745,0.0082162989208131,0.6730179086703614,0.6938579214949847,0.2865828314530255,0.004427898491381,0.278673923800099,0.2889755590223609,0.421149365250762,0.0046178088189135,0.412918362110048,0.4235912847483095,0.736999867167318,0.0033219651994361,0.7314404650229753,0.7394791245166512,0.3201154163231656,0.0079716139587679,0.3131125767152147,0.3338371347439772,320.1154163231657,7.971613958767985,313.11257671521474,333.83713474397723
FedProx,minimum_recall,512,5,0.5696165919303894,0.007408238754166,0.5601638555526733,0.5801750421524048,0.3405894105618016,0.0024550114169207,0.3377331937196047,0.3445156250558178,0.800679021077946,0.005101491843332,0.7947375866459188,0.808318008204838,0.6786250801502244,0.0030628097385286,0.675254190711734,0.6830631125767153,0.3446962215158852,0.0030033724216939,0.3411719855582362,0.3488452592202782,0.8,0.0,0.8,0.8,0.6839554802363395,0.0034950129768564,0.6798424403426007,0.6887738744102964,0.2874057884281044,0.0013652918639615,0.2852678796431631,0.288724432110186,0.4229768969695282,0.0015946727579529,0.420661464139725,0.425069741491538,0.7396520506140852,0.0018084931831706,0.73796660589484,0.742690651991033,0.3213749198497756,0.0030628097385287,0.3169368874232847,0.324745809288266,321.37491984977555,3.0628097385286805,316.93688742328476,324.745809288266
FedProx,minimum_recall,1024,5,0.5646224617958069,0.0053941458372902,0.5563496947288513,0.5695722103118896,0.3412744174373336,0.0012773086373844,0.339649366354438,0.3426436393558112,0.7960673362568963,0.0049010250400052,0.7909180930824727,0.8015277974253784,0.683145552807548,0.0041655650965609,0.677177796097829,0.6864294220023817,0.3497676654092311,0.0038621415243488,0.3446949284407788,0.3535225850863198,0.8,0.0,0.8,0.8,0.6898181651628269,0.0044478182963546,0.6839646406815372,0.6941327348509138,0.2891344214254824,0.0015764990023517,0.2865890688259109,0.2906283997306118,0.424190474097588,0.0012273656366695,0.4221551306422155,0.4254512361595631,0.7396064445322221,0.000904857836528,0.7385936073180066,0.7409443512179562,0.3168544471924521,0.0041655650965609,0.3135705779976183,0.322822203902171,316.8544471924521,4.165565096560932,313.57057799761833,322.822203902171
FedProx,minimum_recall,2048,5,0.5623509526252747,0.0064979120242984,0.5529242157936096,0.569762647151947,0.3406571287465568,0.0013235922543785,0.3395076907982428,0.3427716369553156,0.8000565850898289,0.0038723079217445,0.797142452963644,0.806337530060829,0.679206741778877,0.0034749517413234,0.6744755885316479,0.6832463130896766,0.3471881585313374,0.0028521660085466,0.344262659028593,0.3503582147610092,0.8,0.0,0.8,0.8,0.6868501809187927,0.0033004627674261,0.6834608161956671,0.6905143589978473,0.2876212016193534,0.001405976450055,0.2862164197840823,0.2897196261682243,0.4231222841900101,0.0012022206017549,0.4221195409151885,0.4251215009607053,0.7396316634343529,0.0008640426535851,0.7387099411986997,0.7406895025626626,0.320793258221123,0.0034749517413234,0.3167536869103233,0.3255244114683521,320.793258221123,3.474951741323476,316.7536869103233,325.52441146835207
FedProx,minimum_recall,4096,5,0.5526575326919556,0.0136442265106468,0.5368718504905701,0.5736563801765442,0.3399897504912373,0.001990406282506,0.3368582995750849,0.3419236100202344,0.7986136652991936,0.0067781167347172,0.7930400339510539,0.8084594709294101,0.6795868828432718,0.0041952579965866,0.6733305853256389,0.6841623156544838,0.3457202287483779,0.0041408438101264,0.3395385809959543,0.3506375604159762,0.8,0.0,0.8,0.8,0.6851371776668346,0.0048208447535672,0.677918746851097,0.6908349745797646,0.2874944639924564,0.0012861692303632,0.286036036036036,0.28899886586246,0.4227796617536817,0.0011642227319761,0.4208711297698478,0.4237402015677491,0.7391002740712327,0.0016835808329978,0.7368426691928589,0.7408950281275245,0.320413117156728,0.0041952579965866,0.3158376843455162,0.326669414674361,320.41311715672805,4.195257996586633,315.83768434551615,326.66941467436106
FedProx,minimum_recall,8192,5,0.5214913010597229,0.008636403278924,0.5132108330726624,0.5308104157447815,0.3412499552209493,0.0026383754868433,0.3383304076074664,0.3455438670617705,0.8003960956288017,0.0049924518418507,0.793322959400198,0.8061960673362569,0.6796281029586883,0.0037098103874691,0.6759182925712192,0.6848035174498489,0.3465835754265265,0.0035155008664464,0.3430078327153373,0.351156879321843,0.8,0.0,0.8,0.8,0.6861448266385747,0.004074545017438,0.6819951449640452,0.691430403517611,0.2879786515129424,0.0017666062788736,0.285786443075058,0.2896863721852284,0.4235557608779363,0.0019033490926885,0.4211858413667324,0.4262209258843766,0.7400120992937451,0.0018335949279678,0.7382945944847316,0.743095285660434,0.3203718970413117,0.003709810387469,0.3151964825501511,0.3240817074287808,320.37189704131174,3.709810387469108,315.1964825501511,324.0817074287808
FedProx,minimum_recall,16384,5,0.4390203773975372,0.0119650279161917,0.4236395955085754,0.4569988548755646,0.3376062574752939,0.0054713100856892,0.3287202707179339,0.3427677445664912,0.7990380534729099,0.0029070503851548,0.7958692884424954,0.8037912010185316,0.6763854538792708,0.008366512649201,0.6618347531373088,0.6825593111660713,0.3441462606227122,0.0063362121624639,0.3332234343572737,0.3488849986111719,0.8,0.0,0.8,0.8,0.6832776072917144,0.0074574688691323,0.6704071817890349,0.6888196766362845,0.2856315263484769,0.0045871492020935,0.2778619981417184,0.2894925679138903,0.4208058877972498,0.0047103202041238,0.4129660585798386,0.4249971782234094,0.7377117536760903,0.0030955671690007,0.7328129770779201,0.7407703897745761,0.3236145461207291,0.008366512649201,0.3174406888339287,0.3381652468626912,323.6145461207292,8.36651264920105,317.44068883392873,338.1652468626912
SCAFFOLD,mcc_optimal,2,5,0.7045433998107911,0.0321781050217314,0.6704472899436951,0.7436056733131409,0.363850061248236,0.0014449023421358,0.3620286391947587,0.3656185454902046,0.6525109633611544,0.0511764355434566,0.5904654123638421,0.7056160701655114,0.805725016030045,0.0320883858498081,0.7720527617477329,0.8429742603279289,0.3739306838959444,0.0028266394728565,0.3704337197878793,0.3779906637325699,0.6574257425742573,0.0506289849278323,0.6,0.7097595473833097,0.8111391013603262,0.0310606403368253,0.7789584573810288,0.8479824119452205,0.3543731723846737,0.0201040567807697,0.3338241199303975,0.3783881787689239,0.4577680290296021,0.0042977623074328,0.4529543481241146,0.4613423959218352,0.7291179896955997,0.0095982152605617,0.7167198363458855,0.7388344159566221,0.1942749839699551,0.0320883858498081,0.1570257396720711,0.2279472382522671,194.27498396995512,32.08838584980809,157.02573967207113,227.9472382522671
SCAFFOLD,mcc_optimal,4,5,0.6913793087005615,0.0226174738168718,0.6571599245071411,0.7125195860862732,0.3584473068409162,0.0017563107641163,0.3558169135642364,0.3603520371699088,0.6653557787522988,0.0283502382484379,0.6399773659640685,0.7105672655255341,0.7938032426490794,0.0186967236578263,0.7641751396903911,0.8099294678025099,0.3683256432879909,0.0024367198960576,0.3646473908409237,0.370761657073945,0.668005657708628,0.02735196401066,0.6427157001414427,0.7089108910891089,0.8006778729446251,0.0183154333923995,0.7714926945449548,0.8172491183071497,0.3437408252103495,0.0104690859288033,0.3278506624893936,0.353683226911696,0.4528695173969571,0.0030586538668367,0.4486824475212148,0.4562302244990206,0.7295795107006892,0.0049042050048786,0.7248618166268085,0.7373712026079626,0.2061967573509205,0.0186967236578263,0.1900705321974901,0.2358248603096089,206.19675735092056,18.696723657826347,190.07053219749017,235.8248603096089
SCAFFOLD,mcc_optimal,8,5,0.6822629928588867,0.0384900339243624,0.6358501315116882,0.7234405279159546,0.3560605471491926,0.0025044335971955,0.3533644240688878,0.3589330314419102,0.669260149950488,0.0574106037390014,0.6002263403593153,0.7373037204696562,0.7881744068883394,0.0379766166886258,0.7420078776220573,0.8307914262159934,0.3686536580247944,0.0072133772116803,0.3609248075745066,0.3760336285309245,0.6745685997171146,0.0536307060208398,0.6076379066478076,0.7366336633663366,0.7957312325379015,0.0378710381525253,0.749507626070627,0.8378143177758439,0.340898950582884,0.0212932659443016,0.3163005219079985,0.3647696011004127,0.4499327051193785,0.0058609548827148,0.4426890899052958,0.4560641324023791,0.7287172784194137,0.0098547990671469,0.7155088832876544,0.7396557990458568,0.2118255931116607,0.0379766166886259,0.1692085737840065,0.2579921223779426,211.8255931116607,37.97661668862588,169.20857378400655,257.9921223779427
SCAFFOLD,mcc_optimal,16,5,0.6986555933952332,0.0132730429753553,0.6827667355537415,0.7148647904396057,0.3548153686231842,0.0043750763891138,0.3486059537021707,0.3601208877591901,0.639807610694582,0.0249955867799347,0.6138067619182346,0.6722308671665016,0.8067829989923971,0.0138263069906749,0.7912430154804433,0.822822203902171,0.3659367626181588,0.0040402723728596,0.3602122280220362,0.3696857386923596,0.6449787835926449,0.0204393288877581,0.6226308345120226,0.6664780763790665,0.8128612650574819,0.0131750244370683,0.7981495900700774,0.829066092612101,0.3493345965275993,0.0078741876381312,0.3404457435147972,0.3593077177873468,0.4516258362206347,0.0030762568224402,0.4476622648243512,0.4542823780271107,0.7232953048434896,0.0059642412493812,0.7171471190177332,0.7317369413234724,0.1932170010076027,0.0138263069906749,0.177177796097829,0.2087569845195567,193.2170010076028,13.826306990674908,177.17779609782903,208.7569845195567
SCAFFOLD,mcc_optimal,32,5,0.6968073010444641,0.0110816187948446,0.6864193677902222,0.7101534605026245,0.3475975414649906,0.0030250247611654,0.3425535427902049,0.3504946151490438,0.6152779742537842,0.0170101500078035,0.5972556231433017,0.6365822605743386,0.8158193642942202,0.0104077251807161,0.8041815517083448,0.8270816158285244,0.360288855289734,0.0032866947257855,0.3567038486641234,0.3649258105080294,0.6218387553041017,0.0133127579154749,0.6062234794908062,0.637057991513437,0.8221316355974901,0.0099101030703983,0.8111574222507214,0.8326386662391793,0.351226980987151,0.0069583070687344,0.3437671179278503,0.3586171748917013,0.4470054287578362,0.0025182160280586,0.442664248286981,0.449137843077237,0.7155486692740021,0.0036693522589992,0.712168619485913,0.7203819061413417,0.1841806357057799,0.0104077251807161,0.1729183841714756,0.1958184482916551,184.1806357057799,10.407725180716184,172.91838417147565,195.8184482916552
SCAFFOLD,mcc_optimal,64,5,0.6743318796157837,0.0282060255104275,0.6361967325210571,0.7072818875312805,0.3482531456209748,0.0026114244570335,0.3443693738026847,0.3506238191650839,0.6432593011741405,0.0369105770590607,0.5998019521855991,0.6903380959117272,0.7987771365759824,0.0219163484125131,0.7695795548227535,0.8226161033250893,0.3590929986042144,0.0040523035080732,0.3560779816836204,0.3661180992959176,0.6467892503536068,0.0346881447579832,0.6008486562942008,0.6893917963224894,0.805743599138918,0.0224587748531177,0.7764393349516786,0.8319974350753446,0.3418474588206994,0.0113980901662252,0.3265961718645429,0.3537460370432171,0.4457821581987501,0.0019972874279812,0.4434146563082095,0.4488931470929353,0.7210182188750615,0.0075936631621954,0.7112090277553442,0.7299588253672404,0.2012228634240175,0.0219163484125131,0.1773838966749107,0.2304204451772464,201.2228634240176,21.916348412513177,177.38389667491072,230.42044517724648
SCAFFOLD,mcc_optimal,128,5,0.6598862648010254,0.0157149905659191,0.6437990665435791,0.6833683252334595,0.3478725398572305,0.0035228413057283,0.3422969714141602,0.3511875912471257,0.6605460461168482,0.0298126776720688,0.6235676899137077,0.7008063375300608,0.7875698451955666,0.0175976048963909,0.7628698360355409,0.8064257579921223,0.359330321437138,0.0044262763957184,0.353310754337475,0.3645978635294138,0.6687411598302687,0.029419404844714,0.628005657708628,0.7032531824611032,0.7924334722667522,0.0183748974966695,0.7675995053359593,0.8128979068382723,0.3352903139803281,0.0084660402711062,0.3236004964400026,0.3439009661835748,0.4444176317081494,0.0024432971022174,0.4423482187656798,0.4484914111335334,0.7240579456562074,0.0063263291374766,0.714996723952915,0.7318380867828009,0.2124301548044334,0.0175976048963909,0.1935742420078776,0.237130163964459,212.43015480443347,17.597604896390912,193.57424200787764,237.1301639644591
SCAFFOLD,mcc_optimal,256,5,0.6497722864151001,0.0199686833698585,0.6179307103157043,0.6645228266716003,0.3465904724589458,0.0061654968593472,0.3391322865116095,0.3561789778533161,0.6781723015985288,0.0208982150942078,0.6568114301881455,0.7114160418729665,0.7748969497114593,0.0144853124240141,0.751900705321975,0.7872813043876523,0.3578017978771134,0.0059622536619398,0.3511707194927767,0.363590857761656,0.6837906647807638,0.0212148985790731,0.667043847241867,0.7165487977369166,0.7814317775843905,0.0164775059658925,0.7543168597993862,0.7958594787706682,0.3281368458304712,0.0082171986555962,0.3170270440648049,0.3385742743312464,0.4420685441336391,0.0052500269787084,0.4369521866159625,0.4505562130177515,0.726534625654994,0.0047210312127464,0.7211997840856651,0.7316583735974707,0.2251030502885407,0.0144853124240141,0.2127186956123476,0.248099294678025,225.10305028854077,14.485312424014191,212.7186956123477,248.09929467802505
SCAFFOLD,mcc_optimal,512,5,0.6669495344161988,0.029395251096497,0.6431205868721008,0.7132567167282104,0.3476933950976976,0.0049944645948223,0.3441696495373977,0.3563962858852123,0.6499363417739425,0.0426525480491196,0.5873532324232564,0.6829820342339793,0.7938994229183842,0.0252297396807357,0.7741824677109096,0.8313410277548777,0.3594317201098781,0.0075781861157507,0.35186965249946,0.3693510979812809,0.6565770862800566,0.0444422826279042,0.5929278642149929,0.6922206506364922,0.7999908395548024,0.0235418852400993,0.7802867219346861,0.8355242064764348,0.3391011052552967,0.014074981126107,0.3266311038161674,0.3605105496222974,0.4447560380334814,0.0037375664658348,0.4403669724770642,0.4499114714378902,0.7219178823461634,0.0091012550457397,0.709347130089067,0.7319714604622309,0.2061005770816158,0.0252297396807357,0.1686589722451222,0.2258175322890904,206.10057708161585,25.22973968073571,168.65897224512227,225.8175322890904
SCAFFOLD,mcc_optimal,1024,5,0.6427967071533203,0.0151482282721909,0.6270081996917725,0.6590886116027832,0.3477306449742086,0.0031633632035415,0.3440608771869187,0.3523487499138258,0.6851605601923894,0.0232026037901323,0.6592162965058707,0.7066063092375159,0.7712558395163507,0.0158880027638894,0.7551296143629203,0.7885866080425025,0.3547646161831565,0.0051197924781812,0.3490887327321113,0.36035736585534,0.6864497878359265,0.0230708635285434,0.657991513437058,0.7083451202263084,0.7769523198827463,0.0152766182394232,0.7594925113360509,0.7953098520588101,0.3269176080808638,0.0082070050289833,0.3183962264150943,0.3360661632506292,0.4423733650997573,0.0033635883397235,0.4384893209078343,0.4455993134356822,0.72820819985437,0.0040919549845119,0.7236495515688646,0.7334662022978123,0.2287441604836493,0.0158880027638894,0.2114133919574975,0.2448703856370797,228.74416048364932,15.888002763889444,211.4133919574975,244.87038563707975
SCAFFOLD,mcc_optimal,2048,5,0.6559357523918152,0.0112465065699999,0.6459386944770813,0.6704065203666687,0.3471654131689267,0.002562518765043,0.3449000171206661,0.3515449440872011,0.6535294949780732,0.0207883793645569,0.6286603479983024,0.6801527797425378,0.7914903361729413,0.0151606415072873,0.773220665017862,0.8110515709443986,0.355979915305522,0.0024965757352584,0.3527124965728808,0.3591835834253514,0.6568033946251768,0.0219663770695103,0.6277227722772277,0.6820367751060821,0.7971327806531397,0.0149788475585081,0.7805615352906151,0.8166078871433151,0.3370323734805321,0.0092909922044332,0.3268302630684522,0.3500590783773139,0.4444394961778419,0.0033628918873122,0.4415059687786961,0.4497065371382311,0.7225099155755073,0.0029004640307466,0.7198559594713505,0.7266867223801999,0.2085096638270586,0.0151606415072873,0.1889484290556013,0.2267793349821379,208.50966382705872,15.160641507287314,188.9484290556014,226.779334982138
SCAFFOLD,mcc_optimal,4096,5,0.6342574834823609,0.0044614281052268,0.6293880939483643,0.639160692691803,0.3482474643847723,0.0041197247849304,0.34251214929272,0.3539857261129801,0.673956712406281,0.0125537308829649,0.6568114301881455,0.6911868722591598,0.7793807822661902,0.0066098130364312,0.7683200512961437,0.7854263991939178,0.3605683067710029,0.0044968737642513,0.35532752785335,0.3658894829492054,0.6822065063649223,0.0107172145319374,0.6687411598302687,0.697029702970297,0.785178399670224,0.0072986964493974,0.7731415746805295,0.7925159162735309,0.3309430291667639,0.003399272459764,0.3256681996933946,0.3346352350397545,0.4438568554839728,0.0029080613314365,0.4404705435916896,0.4482645863502593,0.7266687473362357,0.0036364048420237,0.7211189146910316,0.7301357703951521,0.2206192177338096,0.0066098130364312,0.2145736008060822,0.2316799487038563,220.61921773380965,6.609813036431213,214.57360080608225,231.67994870385633
SCAFFOLD,mcc_optimal,8192,5,0.6415672302246094,0.0335764408794764,0.5988051295280457,0.683877170085907,0.3460534618801435,0.0050288202675474,0.3393278405896187,0.3514260445476434,0.632508134106663,0.0458144238277141,0.5795727825717923,0.684255198755128,0.803315929284602,0.0279791995668258,0.7679536502702208,0.8327379316662087,0.3581569461820483,0.0040153997143056,0.3525344645791387,0.363671971065711,0.6392644978783593,0.0453964577163098,0.5909476661951909,0.6893917963224894,0.8092795309852059,0.0280976218270645,0.7731415746805295,0.8376769110978793,0.3438691288710794,0.0162483107280527,0.3231128924515698,0.3637630662020906,0.444379615996905,0.0045057129280319,0.4389491356232134,0.4502668607472101,0.7179120316956323,0.0093469342121706,0.7050905041374121,0.7265973687207581,0.1966840707153979,0.0279791995668258,0.1672620683337913,0.2320463497297792,196.684070715398,27.979199566825866,167.26206833379132,232.0463497297792
SCAFFOLD,mcc_optimal,16384,5,0.5752304553985595,0.0265645515087204,0.5364524126052856,0.6041147112846375,0.3442782059824782,0.0041126756092376,0.3398432168354743,0.3494569056942255,0.6613099448295374,0.0310234882871417,0.6197481963502617,0.6942990521997454,0.7837684345516167,0.0192787709371664,0.7584730237244665,0.8067234588256847,0.3525598640655784,0.0040537077581553,0.3471352012695469,0.3567648951483358,0.6654031117397455,0.0329032361954192,0.6243281471004243,0.7072135785007072,0.7886135666193377,0.0179841377375536,0.7651719873585856,0.8100123666010168,0.3317081303766163,0.0096274212150111,0.3175671303785183,0.341705015209422,0.4413653027151819,0.0034600014934141,0.4358018114011721,0.4447548540298924,0.7225391896905771,0.0063486636366353,0.7132358275879732,0.727526277475331,0.2162315654483832,0.0192787709371664,0.1932765411743152,0.2415269762755335,216.2315654483833,19.278770937166485,193.27654117431524,241.5269762755335
SCAFFOLD,minimum_recall,2,5,0.5869775891304017,0.0068194763699238,0.5825377106666565,0.5986663699150085,0.3511128796353308,0.0028984424980396,0.3476744807287216,0.3555257112097288,0.7969161126043287,0.0027550750873187,0.7928985712264818,0.7998302447305136,0.6938215627003755,0.0036900168804154,0.6899789319410095,0.6997572593203261,0.3591920186774909,0.0035534835047688,0.3559433727605108,0.3650777913058398,0.8,0.0,0.8,0.8,0.7005267255988642,0.0039708971463264,0.6968808684102047,0.7070947648055695,0.2964538149695778,0.0022855285455249,0.2946019174656106,0.3002241673783091,0.4321424222205055,0.0023755267926251,0.4298807378149327,0.4359620228637861,0.7453688376523521,0.0017098613556792,0.7429845059118577,0.7477425425191246,0.3061784372996244,0.0036900168804154,0.3002427406796739,0.3100210680589905,306.1784372996244,3.690016880415411,300.24274067967394,310.0210680589905
SCAFFOLD,minimum_recall,4,5,0.5770241022109985,0.0035500405134664,0.5736062526702881,0.5821008086204529,0.3457136142263676,0.0012409738549065,0.3436764391837846,0.3469361764938478,0.8022068185033244,0.0032046849601684,0.7979912293110766,0.8067619182345452,0.6833974535128698,0.003291226023545,0.6799029037281304,0.6881927269396354,0.3504886732608419,0.0032324846434836,0.347496521885111,0.3552559327877982,0.8,0.0,0.8,0.8,0.6906517656758119,0.0037037550267107,0.6872165987266982,0.6961022305684056,0.2908762483579057,0.0014432447089026,0.2892469280579208,0.2929324401516331,0.426939743865886,0.0012313621010502,0.4252304924668316,0.4285497227075894,0.7428021360080972,0.0007004513283639,0.7416455713310401,0.7433324109813378,0.3166025464871301,0.003291226023545,0.3118072730603646,0.3200970962718695,316.60254648713016,3.291226023545023,311.8072730603646,320.09709627186953
SCAFFOLD,minimum_recall,8,5,0.57171550989151,0.0063346217144498,0.564475953578949,0.5817593336105347,0.3458390631774258,0.0021666598539815,0.3428063569134369,0.3486774941673006,0.8004526807186305,0.0034674242353608,0.7964351393407837,0.8059131418871127,0.684950077860218,0.0031854804100353,0.6809563066776587,0.6886278281579189,0.3512246499884692,0.00438012885444,0.3467843636489007,0.3565915034166342,0.8,0.0,0.8,0.8,0.6914853661887967,0.0050114626490822,0.6863921586589108,0.6976137040260156,0.2914388431081661,0.0016526571519763,0.2894844726862765,0.2937357157697901,0.4272963742339526,0.001704655123622,0.4250084640559756,0.4296949204057597,0.7427013792894244,0.0013944100408165,0.7408067710406819,0.7442997678065022,0.3150499221397819,0.0031854804100353,0.3113721718420811,0.3190436933223413,315.049922139782,3.1854804100353338,311.3721718420811,319.04369332234126
SCAFFOLD,minimum_recall,16,5,0.5664217710494995,0.0032359967561045,0.5627253651618958,0.5702775716781616,0.3431298121671177,0.0033140314637661,0.3392742535585751,0.3469517037577372,0.803055594850757,0.003313671850179,0.7981326920356486,0.8073277691328336,0.6796876431254008,0.0033494661184854,0.6754373912246955,0.6847119171933681,0.3468632396214908,0.0027496925666418,0.3431644683406341,0.3494815763573759,0.8,0.0,0.8,0.8,0.6864746026656896,0.0031898217050994,0.682178353867998,0.6895067100261073,0.2886985169099395,0.0021663906234143,0.2862107171635777,0.2917695473251029,0.4247087963009709,0.0024821879671485,0.4221355617455896,0.4279301369346259,0.7413716189880788,0.0021316209045595,0.7386399468239065,0.7435442454830895,0.3203123568745992,0.0033494661184854,0.3152880828066319,0.3245626087753045,320.31235687459923,3.3494661184854757,315.2880828066319,324.5626087753045
SCAFFOLD,minimum_recall,32,5,0.5586028933525086,0.006046478491676,0.5526565313339233,0.5672159790992737,0.3400104582972337,0.0032272350421052,0.3349951711508105,0.3430144400997194,0.8024331588626396,0.0028671950341283,0.798981468383081,0.8060546046116848,0.6764953741870477,0.0057802910058764,0.6687276724374829,0.6816891087295044,0.3441205580494152,0.005501785804313,0.3361376744396638,0.3500392084019374,0.8,0.0,0.8,0.8,0.683259286401319,0.0064347318914997,0.6738881509641369,0.6901479411899418,0.2865289059639576,0.0029981581799763,0.282226853230128,0.2890079061463912,0.4222620605266294,0.0029355560893845,0.4178819380670756,0.4248331708780085,0.7394642665248436,0.0017306595613756,0.7366838249017235,0.7411619018270978,0.3235046258129522,0.0057802910058764,0.3183108912704956,0.3312723275625171,323.5046258129523,5.780291005876498,318.31089127049563,331.27232756251715
SCAFFOLD,minimum_recall,64,5,0.5555466055870056,0.0098989173334649,0.5427106022834778,0.5657235980033875,0.3379527977294867,0.0019818200982284,0.3351309586336761,0.3404092045181004,0.8009053614372613,0.0025806771539943,0.7967180647899279,0.8029424246710992,0.6753228909040946,0.0029778449511802,0.6725519831455528,0.6794907025739672,0.3424920629433071,0.0029035014100005,0.340004585725616,0.346744837244149,0.8,0.0,0.8,0.8,0.6813813951358035,0.0033940963802051,0.6784683735629552,0.6863463564329226,0.285376714556483,0.0015521907859327,0.2834803528468324,0.286937028734461,0.4208076754313996,0.0016066109205209,0.4186373561304171,0.4225897779764566,0.7381141261706778,0.0012257434555399,0.7363669267587856,0.7397084847429595,0.3246771090959054,0.0029778449511802,0.3205092974260328,0.3274480168544472,324.6771090959055,2.9778449511802214,320.50929742603284,327.44801685444725
SCAFFOLD,minimum_recall,128,5,0.5549703717231751,0.009157172543449,0.5472934246063232,0.5696192383766174,0.3380208642323106,0.0027092200653137,0.334082253718604,0.3413849984333625,0.7973970858678738,0.0014440288759569,0.7965766020653557,0.7999717074550856,0.6782586791243015,0.003146047114007,0.6741549876339654,0.682650911422552,0.3446267704152407,0.0032120226711614,0.3420302609631928,0.34972046363899,0.8,0.0,0.8,0.8,0.6838730362295607,0.0037304218993234,0.6808500893143407,0.6897815233820364,0.2863375746135474,0.0019795679477908,0.2835708171793968,0.2890051818788158,0.4213632292322186,0.0021601774480769,0.4182695878202748,0.4241716867469879,0.7378278824960878,0.0016337086134197,0.7354365262119467,0.739755219468526,0.3217413208756984,0.003146047114007,0.317349088577448,0.3258450123660346,321.7413208756984,3.14604711400703,317.349088577448,325.84501236603455
SCAFFOLD,minimum_recall,256,5,0.5521077871322632,0.0096660614940142,0.5427060723304749,0.566583514213562,0.3372986334687802,0.0051734737991097,0.3290275666677153,0.3425269456375122,0.8043570519168199,0.0026026834761598,0.8012448719762343,0.8077521573065497,0.6716726206833379,0.0078982583415222,0.6588806448658057,0.6804525052670147,0.3398704892059828,0.0066738724935196,0.3296097213445408,0.347496521885111,0.8,0.0,0.8,0.8,0.6782576833234096,0.0079038108005148,0.6660559703201575,0.6872165987266982,0.2840293566564324,0.0043048611940631,0.2771037561875182,0.288714445917015,0.4197954258206691,0.0044471480969268,0.412646793134598,0.4244763367931952,0.7380148363000789,0.0029540292332196,0.7333164010861777,0.7408486886216246,0.328327379316662,0.0078982583415222,0.3195474947329852,0.3411193551341943,328.3273793166621,7.898258341522238,319.5474947329853,341.11935513419434
SCAFFOLD,minimum_recall,512,5,0.5547534942626953,0.0033727774619077,0.5517606735229492,0.5605224967002869,0.337426213605272,0.0033435777080495,0.3333198474429121,0.3425498444247279,0.8006507285330315,0.0047819841469855,0.795020512095063,0.8059131418871127,0.6748923696986352,0.0050772442728207,0.6695749748099294,0.6817349088577448,0.3432713833017501,0.0045283813527538,0.3395773939617552,0.3500790698777494,0.8,0.0,0.8,0.8,0.682279118765172,0.0052757524188155,0.6779645490770851,0.69019374341593,0.2850564027264695,0.0025972776043294,0.2828257488334755,0.2891412203979336,0.4204176427313997,0.002685326380258,0.4175555555555555,0.4247182569496619,0.7377715491158332,0.002095414685566,0.735045930939471,0.7407118454318431,0.3251076303013648,0.0050772442728206,0.3182650911422552,0.3304250251900705,325.10763030136485,5.077244272820708,318.2650911422552,330.4250251900705
SCAFFOLD,minimum_recall,1024,5,0.5496044158935547,0.0101197454016231,0.5370826721191406,0.5643920302391052,0.3375719330309011,0.0039736328768454,0.3328156297760243,0.3420404982130831,0.8006507285330315,0.002111067534243,0.7978497665865044,0.8036497382939596,0.6750709901987726,0.004227931121377,0.6698497755793716,0.6806815059082165,0.3425521295078984,0.0037019777665836,0.3380664714135722,0.3469029667900221,0.8,0.0,0.8,0.8,0.681445518252187,0.0043375699494337,0.676178262263546,0.6865295653368754,0.2851653576909544,0.0027577480221558,0.2817715339012604,0.2886077240957094,0.4205404906531892,0.0030946391014828,0.4167710559280819,0.4242219722534683,0.737860859365902,0.0024517384821084,0.7349814728795147,0.7404680694062231,0.3249290098012274,0.004227931121377,0.3193184940917835,0.3301502244206283,324.9290098012274,4.2279311213770425,319.31849409178346,330.1502244206284
SCAFFOLD,minimum_recall,2048,5,0.545118510723114,0.0066176609883567,0.5378044843673706,0.5528367161750793,0.3338569410967945,0.0023122212110758,0.3316365411687381,0.3368507304564087,0.798981468383081,0.0015688975111627,0.7965766020653557,0.8002546329042297,0.6720207016579647,0.0032349289071944,0.6683154712833196,0.6761701932765412,0.3398252942910366,0.0026762111970932,0.3366382731562481,0.3435563289895232,0.8,0.0,0.8,0.8,0.678248522878212,0.0031541076976749,0.6744835799019833,0.6826363761278799,0.2828318136405329,0.0018179659895079,0.2808698674345861,0.2852304892842701,0.4177716730120646,0.0019134880991765,0.4158030135979419,0.4202882359512903,0.7355010850205227,0.0013650146478025,0.7342850520937747,0.7372221740183809,0.3279792983420353,0.0032349289071944,0.3238298067234588,0.3316845287166804,327.97929834203535,3.2349289071944245,323.82980672345883,331.6845287166804
SCAFFOLD,minimum_recall,4096,5,0.5331682205200196,0.0073036176791988,0.5264095664024353,0.5446228384971619,0.3388500930297762,0.0030910401115488,0.3353195334249765,0.3428960560185593,0.7987268354788514,0.0036347937978794,0.7937473475739143,0.8029424246710992,0.6781533388293488,0.0038590379233762,0.6751625904552533,0.6843455161674453,0.3450635466745602,0.0037893094178043,0.341678924150016,0.3512768209826138,0.8,0.0,0.8,0.8,0.6843768607154308,0.0043922400383774,0.680437869280447,0.6915678101955754,0.2866145879905589,0.0022006808228351,0.2843448867362897,0.2893013663315287,0.4218464282130575,0.0023893474639186,0.4191892896987728,0.4245325355272999,0.7384400871541,0.0019614719348448,0.7362232530717348,0.7412280136545932,0.3218466611706512,0.0038590379233762,0.3156544838325547,0.3248374095447467,321.8466611706512,3.8590379233762455,315.65448383255466,324.8374095447467
SCAFFOLD,minimum_recall,8192,5,0.5146866321563721,0.0082800977529791,0.5041048526763916,0.5245687961578369,0.3377210573436568,0.0035932545674489,0.33374624952985,0.3413095793032385,0.799801952185599,0.0042301849043331,0.7940302730230584,0.8049229028151083,0.6759503526609875,0.0026080247531394,0.672826783914995,0.67985710359989,0.3439974615199698,0.0013279188090007,0.3424991944845069,0.3459551445621716,0.8,0.0,0.8,0.8,0.6831493610589475,0.0015486300890581,0.6813997160261989,0.685430311913159,0.2854881836963595,0.0019372026788254,0.2830330707080845,0.2878973105134474,0.4207773067421184,0.002463846861825,0.4178396799525856,0.4233549305269465,0.7378761524232933,0.0024489320833372,0.735249083566581,0.7404778478534642,0.3240496473390125,0.0026080247531394,0.3201428964001099,0.327173216085005,324.04964733901255,2.608024753139436,320.14289640011,327.17321608500504
SCAFFOLD,minimum_recall,16384,5,0.4648806989192963,0.0113254747825918,0.4531936943531036,0.4770495593547821,0.3340362576539138,0.0024570213236479,0.3308970735997892,0.337530029460714,0.8027160843117839,0.0025942119288331,0.7992643938322253,0.8060546046116848,0.6691536136301182,0.0038727725615816,0.6640102592287258,0.6739717871210039,0.3372178139094898,0.0029863306737032,0.3332998572993416,0.341678924150016,0.8,0.0,0.8,0.8,0.6751614528466083,0.0035412259902106,0.6704987862410113,0.680437869280447,0.2820162983376227,0.0020028517785428,0.279300520679831,0.2847885059780971,0.4173862389745433,0.0020616144945355,0.4146279213913297,0.4203151065801668,0.735934848970951,0.001463513576139,0.7341836555727729,0.7379619863600493,0.3308463863698818,0.0038727725615815,0.3260282128789961,0.3359897407712742,330.8463863698819,3.872772561581589,326.0282128789961,335.98974077127417
FedAdam,mcc_optimal,2,5,0.7177404403686524,0.0300967883634987,0.6844990253448486,0.7620163559913635,0.3688844522861922,0.002182843168857,0.3669910333042722,0.3717365329756394,0.6511812137501769,0.032563385658708,0.6077238647616353,0.691752723157448,0.8113492717779611,0.0200041661632066,0.7853347989374371,0.8356233397453513,0.3768227737824689,0.0021863481481053,0.3735350271584997,0.3788470629749452,0.6505799151343706,0.0338100757557452,0.609052333804809,0.695898161244696,0.8181285210461228,0.0201563986972892,0.7924243118215545,0.8436770027023314,0.3593601970192959,0.0129783417463361,0.3428210880538418,0.3744117134390796,0.4625073186089947,0.0031126287586888,0.4584446631978625,0.4663082624354089,0.731265242764069,0.0064126024882738,0.7216736022534933,0.7385437610474426,0.188650728222039,0.0200041661632065,0.1643766602546487,0.2146652010625629,188.65072822203905,20.004166163206605,164.3766602546487,214.66520106256291
FedAdam,mcc_optimal,4,5,0.7098025679588318,0.0236842309460114,0.6882943511009216,0.7471590042114258,0.3673405516298679,0.0012702843510552,0.3662105097572876,0.369182575124193,0.6447022209647758,0.0473747660869062,0.582543499787806,0.7148111472626962,0.8135156178437299,0.0291344197173558,0.7690528533479893,0.8503938811028671,0.3780324037840232,0.0013656441641978,0.376434643970176,0.37968917480655,0.6466195190947667,0.046543637864784,0.5867043847241867,0.7165487977369166,0.8209865799477853,0.0283149753733857,0.7774011816974304,0.8562726148490817,0.3607171077040034,0.0187482487691113,0.3337957458052583,0.3866303633461647,0.4612721623206613,0.0036762304337953,0.4550817309857252,0.464785553047404,0.7291089194042529,0.0091753817594513,0.7164686904453366,0.7419320003053428,0.18648438215627,0.0291344197173558,0.1496061188971329,0.2309471466520106,186.48438215627007,29.134419717355872,149.60611889713294,230.94714665201067
FedAdam,mcc_optimal,8,5,0.7120932102203369,0.0146119194088823,0.6860095858573914,0.7196974754333496,0.3682157282294525,0.0030288067152231,0.3637721958236949,0.3708459110335242,0.6684679586928844,0.0162107888193525,0.6430895459046542,0.6880746923185741,0.8004992213978198,0.0117923479396149,0.7843500961802693,0.8175780892186498,0.3766150385572899,0.0044598302080921,0.3705778125599289,0.382074088807722,0.6702687411598303,0.0161487695008762,0.6478076379066479,0.6925035360678925,0.8064764347547291,0.0119338488669665,0.79077543168598,0.8243484633353181,0.3519670645197371,0.0081335654366526,0.3405923954905118,0.3633312020460358,0.4609499569333235,0.0034524903715695,0.4556440281030445,0.4643276645728001,0.7344835900453521,0.0025524196078394,0.730333817561652,0.7362123942494216,0.19950077860218,0.011792347939615,0.1824219107813501,0.2156499038197307,199.50077860218008,11.792347939614976,182.42191078135016,215.6499038197307
FedAdam,mcc_optimal,16,5,0.7257143974304199,0.0172483225119049,0.7078869342803955,0.7494933605194092,0.3675396460601624,0.0025191393779893,0.3643725838456496,0.3701559377898894,0.6371764040175414,0.0140687506679338,0.6207384354222663,0.6576602065355779,0.8189246129889163,0.0091846730321423,0.8051891545296327,0.8303792250618302,0.3779527748324215,0.0037701512813621,0.3721727798751023,0.3822888310670294,0.6429420084865629,0.0143484554990742,0.6285714285714286,0.6630834512022631,0.8238263179590527,0.008941387569543,0.8112490267026977,0.8354326020244583,0.3631208418319094,0.0067571537447971,0.3533748859835816,0.3720220432386604,0.462470122412112,0.0024708851399374,0.4597280593325092,0.4652247667514843,0.7280505085032288,0.0027188227144393,0.7249659991225087,0.7314246805326052,0.1810753870110836,0.0091846730321423,0.1696207749381698,0.1948108454703673,181.0753870110836,9.18467303214236,169.62077493816986,194.8108454703673
FedAdam,mcc_optimal,32,5,0.7087267398834228,0.0221406972717223,0.6789630055427551,0.7379445433616638,0.3672101299107881,0.002515050994038,0.3649113612908913,0.3701784906897467,0.6636299335125194,0.0198596233585973,0.6350261706040459,0.6824161833356911,0.802670147476413,0.0109016452153301,0.7917697169552075,0.8181734908857745,0.3784517548402187,0.0033648249221068,0.3731502007103379,0.3815393542760656,0.6685714285714286,0.0168579306359721,0.6432814710042433,0.6857142857142857,0.809050519855265,0.0114135342500111,0.7964549077085147,0.8251729034031053,0.3527236793466599,0.0060370991585576,0.3455448394990643,0.3611714538579129,0.460441159685599,0.0016018930589341,0.4580451271287507,0.462199648368822,0.7331500404944663,0.0046171241813483,0.7265998307449102,0.7380318527743767,0.197329852523587,0.0109016452153301,0.1818265091142255,0.2082302830447925,197.32985252358705,10.90164521533018,181.82650911422547,208.23028304479251
FedAdam,mcc_optimal,64,5,0.7150183200836182,0.0175343743220466,0.6850769519805908,0.7280644178390503,0.368719703198587,0.0015757990386129,0.3661091733735689,0.3702984959169113,0.6456075824020371,0.0226674760047263,0.6180506436553967,0.6667138209081906,0.8147430612805715,0.0143422372130044,0.8020976458734085,0.8322799303838051,0.3792351570437497,0.0008277220744053,0.3781340678677379,0.3800722940149044,0.6483168316831682,0.0240089583673412,0.6181046676096181,0.6724186704384724,0.8216094902212248,0.0137621932497206,0.8082260797874776,0.8385013511656666,0.3611681188605719,0.0099993866729058,0.3517143071498237,0.3736423501240058,0.4628707755247907,0.0024099144271366,0.4596529071477596,0.4657286003624347,0.7301753218413043,0.0042094085241698,0.7251652870196009,0.7344057333907996,0.1852569387194284,0.0143422372130044,0.1677200696161949,0.1979023541265915,185.2569387194284,14.342237213004458,167.7200696161949,197.90235412659152
FedAdam,mcc_optimal,128,5,0.7166343212127686,0.015890625936368,0.6924054026603699,0.7360949516296387,0.3692276882025461,0.0024070959825649,0.3651629011754456,0.3710721791635886,0.6309803366812845,0.014224778624481,0.6064507002404866,0.64280662045551,0.8239214069799395,0.0083840509323587,0.8182650911422552,0.8387377484656957,0.3795945196030145,0.0041039803673247,0.3765940728175838,0.3863432945217826,0.6340594059405941,0.0091656625963424,0.6183875530410183,0.6415841584158416,0.830201987816608,0.0079062523042333,0.8241194522053772,0.8440434205102368,0.3673191237029553,0.0063767202356165,0.3625375192666504,0.3784093918262865,0.4641986713692823,0.0020660884947152,0.4608166632295318,0.466028916186542,0.727450871830612,0.0031691073037134,0.7225942243530912,0.7305358557988826,0.1760785930200604,0.0083840509323587,0.1612622515343043,0.1817349088577448,176.07859302006045,8.384050932358733,161.26225153430428,181.7349088577448
FedAdam,mcc_optimal,256,5,0.7333203077316284,0.0296922317623939,0.6995760798454285,0.7653937935829163,0.3654304826044081,0.0026205218378895,0.3630548850406159,0.3695570572951274,0.6168340642240769,0.0482883999756715,0.5705191681991795,0.6719479417173575,0.8284830997526793,0.0269294744825674,0.7952276266373546,0.8533021892461299,0.3764214122977412,0.0015794575378786,0.3744658716660352,0.3786407490010514,0.6212164073550213,0.0481250396142199,0.5725601131541725,0.6746817538896747,0.8342875463747539,0.0274778811245825,0.8021343837310493,0.8609902441258646,0.3697941154859072,0.0179345469824461,0.3469179082676015,0.3863396877095507,0.4610045715628505,0.0021231966864228,0.4575887481335196,0.4630113141862489,0.7226585819883782,0.0107620614436479,0.7119106787226547,0.7342755409057344,0.1715169002473206,0.0269294744825674,0.1466978107538701,0.2047723733626454,171.5169002473207,26.929474482567453,146.69781075387013,204.77237336264545
FedAdam,mcc_optimal,512,5,0.7229164481163025,0.0282249354457589,0.6896182894706726,0.7617756128311157,0.3675460099269826,0.0012097237289848,0.3666264337880675,0.3695447036957555,0.6336681284481539,0.0452910095373591,0.5686801527797425,0.6770405998019522,0.8203993771182558,0.0255659622418178,0.7964642300998442,0.8567829989923972,0.3800371206813712,0.0029568397656598,0.3752820559517077,0.3828922539575324,0.6394342291371994,0.0453025805201882,0.5736916548797737,0.6786421499292786,0.8267484999770989,0.0265362065321659,0.8003938991434983,0.8643338066230019,0.3651670337184748,0.0176713357100375,0.350007313149042,0.3912789565894491,0.462077877517745,0.0013867247502154,0.4608082982679323,0.4635876145995502,0.7270337527832049,0.009870366202191,0.7127315758860698,0.7367524149508982,0.179600622881744,0.0255659622418178,0.1432170010076028,0.2035357699001557,179.60062288174407,25.565962241817896,143.21700100760282,203.53576990015577
FedAdam,mcc_optimal,1024,5,0.7378406405448914,0.0164899451579928,0.7134844660758972,0.7586457133293152,0.368790587264013,0.0009061462983102,0.3673397377918775,0.3697945788142167,0.6186164945536851,0.028599970728476,0.5972556231433017,0.6634601782430329,0.8305212054593752,0.0163070920851612,0.8045708527983878,0.842859760007328,0.3777599291327029,0.0029885200377305,0.3741727998914844,0.3812029443932549,0.6217256011315417,0.0287789180527958,0.5971711456859972,0.6642149929278642,0.8355516878120277,0.0165257389187745,0.809325333211194,0.8494022809508542,0.3721056050194188,0.0110860896833635,0.3546581972171809,0.3809094189823168,0.4641958451221948,0.0012353115087679,0.4622283546050362,0.4651572742797333,0.7245688500065303,0.006163334021059,0.7200576915753149,0.7340155155207104,0.1694787945406247,0.0163070920851612,0.157140239992672,0.1954291472016122,169.47879454062473,16.307092085161248,157.140239992672,195.4291472016122
FedAdam,mcc_optimal,2048,5,0.727782380580902,0.0387222354409596,0.6713002324104309,0.7729651927947998,0.3665881897955246,0.0031658636204821,0.3621527354270289,0.3692335091153825,0.6233696420993069,0.0632319073785891,0.558211911161409,0.7214598953175838,0.8250755702115965,0.0361384220600711,0.7666254465512503,0.8592562059173766,0.3777413906449561,0.0037386302600399,0.3722159324598925,0.3825601323047188,0.6281188118811881,0.0623621559090436,0.5612446958981613,0.7236209335219236,0.8309073420968259,0.0358262921236921,0.7731873769065176,0.8644712133009664,0.3688305520770815,0.0222650381668219,0.3335295271728468,0.3910027744748315,0.461233353687463,0.0033752689341764,0.4561717352415027,0.4645669291338583,0.7242226061554516,0.0136877007741587,0.7087340585393929,0.744042670934417,0.1749244297884033,0.0361384220600711,0.1407437940826233,0.2333745534487497,174.92442978840342,36.13842206007115,140.7437940826234,233.37455344874968
FedAdam,mcc_optimal,4096,5,0.697729229927063,0.0237671654715205,0.6712619066238403,0.7284687161445618,0.3659728598887763,0.0019205608163078,0.3634259573078937,0.3685460243944375,0.6409958975809873,0.0293805853087684,0.6047531475456217,0.680435705191682,0.8151827425116791,0.0171201268381301,0.7934643217001007,0.8365164422460383,0.3769357899921389,0.0037231031379732,0.3715516330866507,0.3810961945919112,0.6456577086280056,0.0245781698688714,0.6141442715700142,0.6752475247524753,0.8211972701873311,0.0169295585228426,0.7992946457197819,0.8425319470526268,0.360229474899897,0.0110122688810112,0.3478197989731723,0.3745400385491502,0.4607543890767189,0.001833768010535,0.4587665287170687,0.4627455110315412,0.7280893200463332,0.0061895330141997,0.72063479489583,0.7369500134458913,0.1848172574883209,0.01712012683813,0.1634835577539617,0.2065356782998992,184.81725748832096,17.12012683813011,163.48355775396172,206.53567829989927
FedAdam,mcc_optimal,8192,5,0.6986181139945984,0.027195338340519,0.6555706262588501,0.7199814915657043,0.3664162626710522,0.0021992693115088,0.3645695736757822,0.3699250120938359,0.6172584523977932,0.0449366982572139,0.5702362427500354,0.6866600650728533,0.8290418613172117,0.0260985270379018,0.7873500045800128,0.8545387927086195,0.3798785613419233,0.0017505086842465,0.3781474394795662,0.3823634124978116,0.6254031117397455,0.0467315259576074,0.5782178217821782,0.697029702970297,0.8346173224018688,0.0267165094817554,0.7918746851096964,0.8596619795722072,0.3705967193422326,0.0174817038413177,0.3432814710042433,0.3882307618222094,0.4619042667865295,0.0027751465300948,0.4577302088735914,0.4649774892681395,0.7231501568575025,0.0095216501031874,0.7123875177293275,0.737005034826433,0.1709581386827883,0.0260985270379019,0.1454612072913804,0.2126499954199872,170.9581386827883,26.098527037901892,145.46120729138045,212.6499954199872
FedAdam,mcc_optimal,16384,5,0.6361688852310181,0.0325576094507306,0.5837269425392151,0.6726418733596802,0.3689587934072679,0.0035213694832042,0.3632181157408829,0.3727015270071862,0.6469373320130145,0.0413523153157882,0.6056019238930542,0.7141038336398359,0.8135614179719702,0.0279504246396866,0.7666941467436109,0.8394247503893011,0.3803643922110357,0.0039834485904015,0.3741651855833202,0.3850575315815057,0.6522206506364923,0.0416555881819485,0.6084865629420085,0.7185289957567186,0.8196308340585352,0.0274201596982488,0.774011816974305,0.8449594650300004,0.3614034821348824,0.0181294835896944,0.3313205565765292,0.3790843885592845,0.4626537783001304,0.0057335804789471,0.4526339385787939,0.4664108467638782,0.7302493749924924,0.0068644694240471,0.7225133371411776,0.7403989901917234,0.1864385820280296,0.0279504246396866,0.1605752496106989,0.233305853256389,186.43858202802969,27.950424639686684,160.5752496106989,233.30585325638907
FedAdam,minimum_recall,2,5,0.6071258425712586,0.0225848523357674,0.5869425535202026,0.6372564435005188,0.3548040917587607,0.0013867399855381,0.3530495067237308,0.3566957389293602,0.7977365964068468,0.0040600048402177,0.7904937049087566,0.7999717074550856,0.6973710726390033,0.0035961997045147,0.6943070440597233,0.7031922689383531,0.3617737403109558,0.0037284029604279,0.3587463198767756,0.3679495260961823,0.8,0.0,0.8,0.8,0.7034122658361197,0.0041368817981741,0.7000412220033894,0.7102551183987542,0.2991037026546396,0.001606822777413,0.2973470891672807,0.3012561324060596,0.4350721892809716,0.0013151432270826,0.4334215674991368,0.4363804817788758,0.7475538345229251,0.0008863699153945,0.7467149875836883,0.7488278869925213,0.3026289273609965,0.0035961997045147,0.2968077310616469,0.3056929559402767,302.6289273609966,3.5961997045147394,296.8077310616469,305.6929559402767
FedAdam,minimum_recall,4,5,0.5878436088562011,0.0179512392429705,0.5643660426139832,0.613030195236206,0.3550142617631667,0.0015433388382632,0.3534379178834358,0.3575700736644896,0.7989814683830809,0.002258978557458,0.7968595275145,0.8028009619465271,0.6966428505999817,0.0025781139940486,0.6928872400842723,0.6996427589997252,0.3615748384949168,0.0021278928472594,0.3580538260075573,0.3638360341255331,0.8,0.0,0.8,0.8,0.7032015755965739,0.0023781898934177,0.6992625841615903,0.7057206980259241,0.2989219390940903,0.001402549110814,0.2973383631981557,0.3009646644992805,0.4350682250231216,0.0013458738448461,0.4339063882158379,0.4372096624341901,0.7478121594915315,0.0008879228770643,0.7468132385448851,0.7492413823291171,0.3033571494000183,0.0025781139940486,0.3003572410002748,0.3071127599157277,303.35714940001833,2.5781139940486946,300.3572410002748,307.11275991572774
FedAdam,minimum_recall,8,5,0.609124481678009,0.0119486411785206,0.5936337113380432,0.621077299118042,0.3543621182299124,0.0028328232183754,0.3496225396823536,0.3567854042858618,0.8001414627245721,0.0061559857794654,0.791342481256189,0.8087423963785543,0.6949528258679125,0.0076179189602282,0.6827196116149126,0.7034670697077952,0.3606530611117499,0.0075022818766338,0.3495213807218509,0.3704227009029977,0.8,0.0,0.8,0.8,0.7021114826180553,0.0084080088259557,0.6895525122520955,0.712957449732057,0.2981126113888933,0.0036507423279551,0.2921009605558962,0.3016771827643855,0.4343581345322748,0.0030816661482404,0.4291880935400323,0.436826487583945,0.7475471442962422,0.0012087553854226,0.7457310039967334,0.7489255807587785,0.3050471741320876,0.0076179189602282,0.2965329302922048,0.3172803883850874,305.04717413208755,7.61791896022821,296.53293029220487,317.2803883850874
FedAdam,minimum_recall,16,5,0.6095493912696839,0.0206397451447246,0.5886411666870117,0.636184573173523,0.3549637965365097,0.0015681230196404,0.3528509262755377,0.3569038417252022,0.7975385485924459,0.0038370052759379,0.7923327203281936,0.8016692601499504,0.6977054135751579,0.0036551472336231,0.6926353393789503,0.7012228634240176,0.3626924884442991,0.0033292468434719,0.3579724387792042,0.366198893169553,0.8,0.0,0.8,0.8,0.7044382356982549,0.0037060199741945,0.6991709797096138,0.7083314249072505,0.2992842540797313,0.0017159175682222,0.2966883252986795,0.3012312633832976,0.4352337187368456,0.0014718846573463,0.4329904791037357,0.4370655171074605,0.747621981083802,0.0009378417723431,0.7467777918761056,0.7486980540925625,0.3022945864248419,0.0036551472336231,0.2987771365759823,0.3073646606210497,302.2945864248419,3.655147233623107,298.77713657598235,307.3646606210497
FedAdam,minimum_recall,32,5,0.6052259206771851,0.0121722370803406,0.5943302512168884,0.6220164895057678,0.3543154020445784,0.0009938101686671,0.3528105197207193,0.3552605874702247,0.79903805347291,0.0023620462826132,0.7954449002687792,0.8019521855990946,0.6958092882660071,0.0019028837183032,0.6933681414307961,0.6982687551525144,0.361869231487896,0.001770299297279,0.3601760223506882,0.3638360341255331,0.8,0.0,0.8,0.8,0.703531351623689,0.0019717313015778,0.7016442999129757,0.7057206980259241,0.2983582852132248,0.0008758757036307,0.2969283276450511,0.2991116548752593,0.4344804492947455,0.0008056121508966,0.4331010186107069,0.4351812613167931,0.7474236708694585,0.0006781866858378,0.7466699244429409,0.7482784652461902,0.3041907117339928,0.0019028837183032,0.3017312448474856,0.3066318585692039,304.1907117339929,1.90288371830325,301.7312448474856,306.6318585692039
FedAdam,minimum_recall,64,5,0.5961812973022461,0.0179464095091009,0.5818520188331604,0.6244625449180603,0.3549183218171871,0.0015283917503326,0.3525777229020037,0.3562786905226647,0.7970575753289009,0.002099661412769,0.7941717357476304,0.7999717074550856,0.6980351744984886,0.0022892276774304,0.6948795456627278,0.7010167628469359,0.3628147926743723,0.0014389354738114,0.3602988189618869,0.3637120834781604,0.8,0.0,0.8,0.8,0.7045848028214172,0.0016028816023126,0.7017817065909403,0.7055832913479595,0.2993796091685705,0.0012922732946085,0.2973685598270316,0.3006963042313872,0.4352670401452624,0.0012793067186198,0.4332360172095882,0.4362251835735654,0.7475463749136947,0.0009114596999623,0.7462939247623301,0.7486393299572762,0.3019648255015114,0.0022892276774304,0.2989832371530641,0.3051204543372722,301.9648255015114,2.289227677430483,298.98323715306407,305.1204543372722
FedAdam,minimum_recall,128,5,0.5913123726844788,0.0056966464571945,0.582816481590271,0.5987825393676758,0.354149803410949,0.0012891653022247,0.3520135236039378,0.355334986894776,0.7990380534729098,0.0032545651173801,0.7938888102984863,0.8028009619465271,0.6956169277273976,0.0029837122676538,0.6931391407895943,0.7004213611798114,0.3611231176875994,0.0020958080263256,0.3591950760026433,0.3643322451803109,0.8,0.0,0.8,0.8,0.702697751110704,0.0023356889938905,0.7005450464892594,0.7062703247377823,0.2982309892964921,0.001379588266193,0.2966582597730138,0.3002032737776827,0.4343428797595501,0.00118338185413,0.4326271024098693,0.4356635484997865,0.7473274906001539,0.0007999328548134,0.7460791423106068,0.7480742160464808,0.3043830722726023,0.0029837122676538,0.2995786388201886,0.3068608592104057,304.38307227260236,2.9837122676538534,299.57863882018864,306.86085921040575
FedAdam,minimum_recall,256,5,0.609008002281189,0.0145738623645176,0.5904649496078491,0.6247968673706055,0.3537344475299112,0.001915212732478,0.3504960597503793,0.3549631026479154,0.7993492714669684,0.0016393814803585,0.797142452963644,0.8013863347008063,0.694902445726848,0.0026919509961929,0.6910552349546579,0.697833653934231,0.3604287498377238,0.0025934432766704,0.3558219702439852,0.3619810383888914,0.8,0.0,0.8,0.8,0.7019191132689049,0.0029133960323893,0.6967434617322402,0.7036595978564558,0.2978219903414729,0.0016199699264399,0.2952515279736718,0.2992565055762082,0.4339562528148806,0.0016349537820597,0.4312528612849077,0.4351519363681995,0.7471258585969082,0.0010791938145019,0.7453012771180136,0.7480413399252863,0.3050975542731519,0.0026919509961929,0.302166346065769,0.3089447650453421,305.09755427315196,2.6919509961929293,302.16634606576895,308.9447650453421
FedAdam,minimum_recall,512,5,0.5993519783020019,0.0152180314417545,0.5836973786354065,0.6246167421340942,0.3539197000948665,0.0013032875415838,0.3526705976457819,0.3558752546935024,0.7982458622153061,0.0043376263828552,0.7917668694299053,0.8028009619465271,0.6959695887148485,0.004000622194828,0.6916048364935422,0.70026106073097,0.3610231007175849,0.003268205988904,0.3574032136798383,0.3647048334148494,0.8,0.0,0.8,0.8,0.7025786653231347,0.0036513596607907,0.6985297485457793,0.7066825447716759,0.2982722149494252,0.0017411728162348,0.2964684985894891,0.3003414790310532,0.4342658755226233,0.0013682420558123,0.4328415258772265,0.4361706249273565,0.7471077254650773,0.0007813602448279,0.7460139650804376,0.7480025679041487,0.3040304112851515,0.004000622194828,0.2997389392690299,0.3083951635064578,304.03041128515156,4.000622194828065,299.73893926902997,308.3951635064578
FedAdam,minimum_recall,1024,5,0.6015043258666992,0.0164427436263259,0.5844079852104187,0.6215042471885681,0.3536450085214579,0.0023814493600003,0.3500685200454219,0.3565695443490225,0.7968878200594144,0.0023446139684795,0.7937473475739143,0.7992643938322253,0.6967298708436384,0.0017015071259579,0.6951314463680498,0.698726756434918,0.3633943456548015,0.0020229116086549,0.3604216553205718,0.364911986541127,0.8,0.0,0.8,0.8,0.7052260339852516,0.0022483715126769,0.7019191132689049,0.7069115559016168,0.2984290019761978,0.0014139917278887,0.2965017966603255,0.3001381655861409,0.4342375833338847,0.0017194192132779,0.4317316200515523,0.4363580175377602,0.7468088454515265,0.001557615551417,0.744439396970982,0.7486938119601583,0.3032701291563616,0.0017015071259579,0.301273243565082,0.3048685536319502,303.2701291563616,1.7015071259579628,301.273243565082,304.8685536319502
FedAdam,minimum_recall,2048,5,0.597113823890686,0.0140467560774101,0.572817325592041,0.6080917716026306,0.3534858793777948,0.0008692880538922,0.3526044324679294,0.3543812286742402,0.8000565850898289,0.0035204044260808,0.7957278257179233,0.804498514641392,0.6940688833928734,0.0018712729630608,0.6915132362370615,0.6964596500870203,0.3590038016375957,0.002094807377254,0.357200124465612,0.3614468422772027,0.8,0.0,0.8,0.8,0.700325195804516,0.0023494354394363,0.6983007374158384,0.7030641689186095,0.2974299857989787,0.0004127389909674,0.2968472700699446,0.2979343220338983,0.4336447504763193,0.0003017082712627,0.4332002457002457,0.4340077255516885,0.7470627342413512,0.0008595099189048,0.7460937379024718,0.7480058754392267,0.3059311166071264,0.0018712729630608,0.3035403499129797,0.3084867637629385,305.93111660712646,1.8712729630608644,303.5403499129797,308.4867637629385
FedAdam,minimum_recall,4096,5,0.5737743258476258,0.0253728670296739,0.5549210906028748,0.6100205183029175,0.3541055577711557,0.001740901821869,0.3521379318599677,0.3565254923786354,0.8001131701796576,0.003635619543329,0.7947375866459188,0.8047814400905361,0.6947238252267107,0.0031879817433597,0.6921544380324265,0.700123660346249,0.3590626134519715,0.0024481636333932,0.3564293678746299,0.361570051377662,0.8,0.0,0.8,0.8,0.7003893189208996,0.0027499650380409,0.6974304951220629,0.703201575596574,0.2979004915353666,0.0015547029094797,0.2962517013925243,0.3002190990220702,0.4341501324007193,0.0014501009226201,0.4324634137021894,0.4358079280117912,0.7474184977031841,0.0011232737745308,0.7463459981929002,0.7493037914018679,0.3052761747732893,0.0031879817433597,0.299876339653751,0.3078455619675735,305.27617477328937,3.187981743359727,299.876339653751,307.84556196757353
FedAdam,minimum_recall,8192,5,0.5604123830795288,0.0133199093614641,0.548939049243927,0.5815152525901794,0.3546708628091208,0.0006922252267496,0.3535252881917382,0.3552870808248643,0.7971990380534729,0.003025120084781,0.7943131984722026,0.8016692601499504,0.6976458734084455,0.0022945475721088,0.6940322432902812,0.7003297609233305,0.3628480898932368,0.0015423977032216,0.3609544064037233,0.3647048334148494,0.8,0.0,0.8,0.8,0.7046214446022077,0.0017140683736696,0.7025145422067512,0.7066825447716759,0.2991453263491169,0.0008778949982722,0.2978242589867563,0.3002513234586386,0.4350399921842131,0.0006296887351109,0.4343027934245315,0.4357780364765231,0.7474224557309593,0.0005729634346965,0.7464896896972311,0.7479070851003702,0.3023541265915544,0.0022945475721088,0.2996702390766694,0.3059677567097187,302.35412659155446,2.2945475721088235,299.6702390766695,305.96775670971874
FedAdam,minimum_recall,16384,5,0.505538034439087,0.0145279522733306,0.4838917851448059,0.5247116684913635,0.3554211929489844,0.002536445248598,0.3516926656171837,0.3578524800960496,0.7957844108077522,0.0027313664475647,0.7926156457773377,0.7982741547602207,0.6995923788586608,0.0019929240474107,0.6971008518823852,0.7015892644499404,0.3649662259612604,0.0020572619157258,0.3624748132510882,0.3676154397256554,0.8,0.0,0.8,0.8,0.7069665185728027,0.0022727321144505,0.704209224568314,0.7098887005908487,0.3001282940736872,0.0015434993677203,0.2980794807682076,0.301736148322795,0.4358678305289819,0.0018428592959355,0.4332328152787443,0.4376821732540515,0.7476883948332065,0.0016599201514592,0.7452360998878444,0.7493363079379559,0.3004076211413392,0.0019929240474106,0.2984107355500596,0.3028991481176147,300.40762114133923,1.9929240474106953,298.4107355500596,302.89914811761474
