strategy,scaling_point,selection_metric,n_runs,test_roc_auc_mean,test_pr_auc_mean,test_loss_mean
FedAdam,2,Loss,5,,,0.4925859000078245
FedAdam,4,Loss,5,,,0.4917155664591376
FedAdam,8,Loss,5,,,0.4928409094927356
FedAdam,16,Loss,5,,,0.4928114048222336
FedAdam,32,Loss,5,,,0.4924576972360081
FedAdam,64,Loss,5,,,0.4915604663615999
FedAdam,128,Loss,5,,,0.4921165213116897
FedAdam,256,Loss,5,,,0.4925139995038986
FedAdam,512,Loss,5,,,0.4921525350396766
FedAdam,1024,Loss,5,,,0.4919775699122125
FedAdam,2048,Loss,5,,,0.4929157224138353
FedAdam,4096,Loss,5,,,0.4928528667919256
FedAdam,8192,Loss,5,,,0.4933357986412097
FedAdam,16384,Loss,5,,,0.5016997145096092
FedProx,2,Loss,5,,,0.4915935350824998
FedProx,4,Loss,5,,,0.491867506516401
FedProx,8,Loss,5,,,0.4940416403313179
FedProx,16,Loss,5,,,0.4987396999469338
FedProx,32,Loss,5,,,0.5072456267605501
FedProx,64,Loss,5,,,0.5080626807201467
FedProx,128,Loss,5,,,0.5066881713614787
FedProx,256,Loss,5,,,0.5074090932450911
FedProx,512,Loss,5,,,0.5059217367132778
FedProx,1024,Loss,5,,,0.5065442511588633
FedProx,2048,Loss,5,,,0.506203980889689
FedProx,4096,Loss,5,,,0.5080216853678983
FedProx,8192,Loss,5,,,0.51049709425273
FedProx,16384,Loss,5,,,0.5351923581722196
SCAFFOLD,2,Loss,5,,,0.4962679882832474
SCAFFOLD,4,Loss,5,,,0.5006197042084093
SCAFFOLD,8,Loss,5,,,0.5031893741313784
SCAFFOLD,16,Loss,5,,,0.504689885999527
SCAFFOLD,32,Loss,5,,,0.5107685882345947
SCAFFOLD,64,Loss,5,,,0.5130504241475858
SCAFFOLD,128,Loss,5,,,0.5143178687703773
SCAFFOLD,256,Loss,5,,,0.5146277994327411
SCAFFOLD,512,Loss,5,,,0.5131944532262483
SCAFFOLD,1024,Loss,5,,,0.5124428116947822
SCAFFOLD,2048,Loss,5,,,0.5136852502765112
SCAFFOLD,4096,Loss,5,,,0.5128598954290216
SCAFFOLD,8192,Loss,5,,,0.5154346226240003
SCAFFOLD,16384,Loss,5,,,0.5283682552885456
FedAdam,2,PRROC,5,,0.4175787203073305,
FedAdam,4,PRROC,5,,0.4209963335831203,
FedAdam,8,PRROC,5,,0.4198782183899524,
FedAdam,16,PRROC,5,,0.4203426296778593,
FedAdam,32,PRROC,5,,0.4202964619470722,
FedAdam,64,PRROC,5,,0.4230303155301187,
FedAdam,128,PRROC,5,,0.4202109329754339,
FedAdam,256,PRROC,5,,0.4191015203486268,
FedAdam,512,PRROC,5,,0.4198801847143799,
FedAdam,1024,PRROC,5,,0.421330314992162,
FedAdam,2048,PRROC,5,,0.4193869017781376,
FedAdam,4096,PRROC,5,,0.419172547108409,
FedAdam,8192,PRROC,5,,0.4212695958906478,
FedAdam,16384,PRROC,5,,0.4223115565717686,
FedProx,2,PRROC,5,,0.4239023254038998,
FedProx,4,PRROC,5,,0.4213108315810434,
FedProx,8,PRROC,5,,0.4158551015695609,
FedProx,16,PRROC,5,,0.404878915482789,
FedProx,32,PRROC,5,,0.3893998721854672,
FedProx,64,PRROC,5,,0.3895944552113072,
FedProx,128,PRROC,5,,0.3911421257698901,
FedProx,256,PRROC,5,,0.3904561583643519,
FedProx,512,PRROC,5,,0.3923526877268563,
FedProx,1024,PRROC,5,,0.395397926641436,
FedProx,2048,PRROC,5,,0.3905348741670321,
FedProx,4096,PRROC,5,,0.3940051976432458,
FedProx,8192,PRROC,5,,0.3912432191534009,
FedProx,16384,PRROC,5,,0.3949966406339807,
SCAFFOLD,2,PRROC,5,,0.4084626954415196,
SCAFFOLD,4,PRROC,5,,0.4018704027133485,
SCAFFOLD,8,PRROC,5,,0.3948686319969875,
SCAFFOLD,16,PRROC,5,,0.3973762496690455,
SCAFFOLD,32,PRROC,5,,0.3886167596502126,
SCAFFOLD,64,PRROC,5,,0.3916017884946263,
SCAFFOLD,128,PRROC,5,,0.3859212340278704,
SCAFFOLD,256,PRROC,5,,0.3873122944945981,
SCAFFOLD,512,PRROC,5,,0.390576295563944,
SCAFFOLD,1024,PRROC,5,,0.3895719808115864,
SCAFFOLD,2048,PRROC,5,,0.3887831902597572,
SCAFFOLD,4096,PRROC,5,,0.3902381257066603,
SCAFFOLD,8192,PRROC,5,,0.3868710583695168,
SCAFFOLD,16384,PRROC,5,,0.3900952425145266,
FedAdam,2,ROC,5,0.8243480294405737,,
FedAdam,4,ROC,5,0.8251436215310128,,
FedAdam,8,ROC,5,0.8246880045246302,,
FedAdam,16,ROC,5,0.8245044891317379,,
FedAdam,32,ROC,5,0.8245360918033345,,
FedAdam,64,ROC,5,0.8254054642786018,,
FedAdam,128,ROC,5,0.8249203288984374,,
FedAdam,256,ROC,5,0.8244032341771247,,
FedAdam,512,ROC,5,0.824890829637738,,
FedAdam,1024,ROC,5,0.8250538781590636,,
FedAdam,2048,ROC,5,0.8244744339719009,,
FedAdam,4096,ROC,5,0.8244609595728767,,
FedAdam,8192,ROC,5,0.8247318959362516,,
FedAdam,16384,ROC,5,0.8250539406815192,,
FedProx,2,ROC,5,0.8253961717571803,,
FedProx,4,ROC,5,0.8248831231781912,,
FedProx,8,ROC,5,0.8229643248942532,,
FedProx,16,ROC,5,0.8194309638903599,,
FedProx,32,ROC,5,0.8135707743116495,,
FedProx,64,ROC,5,0.8129422049678385,,
FedProx,128,ROC,5,0.8141527744686229,,
FedProx,256,ROC,5,0.8128330932406254,,
FedProx,512,ROC,5,0.8141063640175534,,
FedProx,1024,ROC,5,0.8144398189489639,,
FedProx,2048,ROC,5,0.8140394290317197,,
FedProx,4096,ROC,5,0.8140177972339883,,
FedProx,8192,ROC,5,0.813447337167327,,
FedProx,16384,ROC,5,0.8120142408530586,,
SCAFFOLD,2,ROC,5,0.8217178914763854,,
SCAFFOLD,4,ROC,5,0.8183614444011518,,
SCAFFOLD,8,ROC,5,0.8166284819678695,,
SCAFFOLD,16,ROC,5,0.815969812111145,,
SCAFFOLD,32,ROC,5,0.8126143495216217,,
SCAFFOLD,64,ROC,5,0.8114322669360796,,
SCAFFOLD,128,ROC,5,0.8107613135225394,,
SCAFFOLD,256,ROC,5,0.8104498671433455,,
SCAFFOLD,512,ROC,5,0.8112896253554693,,
SCAFFOLD,1024,ROC,5,0.8111100867794836,,
SCAFFOLD,2048,ROC,5,0.8107666972566688,,
SCAFFOLD,4096,ROC,5,0.8118707051689406,,
SCAFFOLD,8192,ROC,5,0.8112951785157346,,
SCAFFOLD,16384,ROC,5,0.8088198105166604,,
